Variant,Encoded URL,Status
F508del,https://cftr2.org/mutation/general/F508del,Success
G542X,https://cftr2.org/mutation/general/G542X,Success
G551D,https://cftr2.org/mutation/general/G551D,Success
N1303K,https://cftr2.org/mutation/general/N1303K,Success
W1282X,https://cftr2.org/mutation/general/W1282X,Success
R117H,https://cftr2.org/mutation/general/R117H,Success
3849+10kbC->T,https://cftr2.org/mutation/general/3849%252B10kbC-%253ET,Success
621+1G->T,https://cftr2.org/mutation/general/621%252B1G-%253ET,Success
R553X,https://cftr2.org/mutation/general/R553X,Success
2789+5G->A,https://cftr2.org/mutation/general/2789%252B5G-%253EA,Success
1717-1G->A,https://cftr2.org/mutation/general/1717-1G-%253EA,Success
"CFTRdele2,3",https://cftr2.org/mutation/general/CFTRdele2%252C3,Success
D1152H,https://cftr2.org/mutation/general/D1152H,Success
G85E,https://cftr2.org/mutation/general/G85E,Success
R1162X,https://cftr2.org/mutation/general/R1162X,Success
R334W,https://cftr2.org/mutation/general/R334W,Success
3272-26A->G,https://cftr2.org/mutation/general/3272-26A-%253EG,Success
3120+1G->A,https://cftr2.org/mutation/general/3120%252B1G-%253EA,Success
2183AA->G,https://cftr2.org/mutation/general/2183AA-%253EG,Success
I507del,https://cftr2.org/mutation/general/I507del,Success
R347P,https://cftr2.org/mutation/general/R347P,Success
2184insA,https://cftr2.org/mutation/general/2184insA,Success
3659delC,https://cftr2.org/mutation/general/3659delC,Success
L206W,https://cftr2.org/mutation/general/L206W,Success
5T,https://cftr2.org/mutation/general/5T,Success
A455E,https://cftr2.org/mutation/general/A455E,Success
5T;TG12,https://cftr2.org/mutation/general/5T%253BTG12,Success
1898+1G->A,https://cftr2.org/mutation/general/1898%252B1G-%253EA,Success
R1066C,https://cftr2.org/mutation/general/R1066C,Success
1677delTA,https://cftr2.org/mutation/general/1677delTA,Success
R117H;7T,https://cftr2.org/mutation/general/R117H%253B7T,Success
394delTT,https://cftr2.org/mutation/general/394delTT,Success
711+1G->T,https://cftr2.org/mutation/general/711%252B1G-%253ET,Success
R560T,https://cftr2.org/mutation/general/R560T,Success
Q493X,https://cftr2.org/mutation/general/Q493X,Success
2184delA,https://cftr2.org/mutation/general/2184delA,Success
M470V,https://cftr2.org/mutation/general/M470V,"Error: Message: 
"
E60X,https://cftr2.org/mutation/general/E60X,Success
P67L,https://cftr2.org/mutation/general/P67L,Success
1154insTC,https://cftr2.org/mutation/general/1154insTC,Success
R117C,https://cftr2.org/mutation/general/R117C,Success
R347H,https://cftr2.org/mutation/general/R347H,Success
Y1092X,https://cftr2.org/mutation/general/Y1092X,Success
R1158X,https://cftr2.org/mutation/general/R1158X,Success
M1101K,https://cftr2.org/mutation/general/M1101K,Success
E92K,https://cftr2.org/mutation/general/E92K,Success
3905insT,https://cftr2.org/mutation/general/3905insT,Success
2143delT,https://cftr2.org/mutation/general/2143delT,Success
S549N,https://cftr2.org/mutation/general/S549N,Success
R117H;5T,https://cftr2.org/mutation/general/R117H%253B5T,Success
S945L,https://cftr2.org/mutation/general/S945L,Success
1078delT,https://cftr2.org/mutation/general/1078delT,Success
S549R,https://cftr2.org/mutation/general/S549R,Success
2789+2insA,https://cftr2.org/mutation/general/2789%252B2insA,Success
E585X,https://cftr2.org/mutation/general/E585X,Success
L1077P,https://cftr2.org/mutation/general/L1077P,Success
V520F,https://cftr2.org/mutation/general/V520F,Success
L997F,https://cftr2.org/mutation/general/L997F,"Error: Message: 
"
R1066H,https://cftr2.org/mutation/general/R1066H,Success
R352Q,https://cftr2.org/mutation/general/R352Q,Success
G1244E,https://cftr2.org/mutation/general/G1244E,Success
D110H,https://cftr2.org/mutation/general/D110H,Success
1811+1634A->G,https://cftr2.org/mutation/general/1811%252B1634A-%253EG,Success
CFTRdele2,https://cftr2.org/mutation/general/CFTRdele2,Success
G178R,https://cftr2.org/mutation/general/G178R,Success
3876delA,https://cftr2.org/mutation/general/3876delA,Success
2622+1G->A,https://cftr2.org/mutation/general/2622%252B1G-%253EA,Success
711+3A->G,https://cftr2.org/mutation/general/711%252B3A-%253EG,Success
I148T,https://cftr2.org/mutation/general/I148T,"Error: Message: 
"
S1251N,https://cftr2.org/mutation/general/S1251N,Success
4016insT,https://cftr2.org/mutation/general/4016insT,Success
A559T,https://cftr2.org/mutation/general/A559T,Success
1525-1G->A,https://cftr2.org/mutation/general/1525-1G-%253EA,Success
R75X,https://cftr2.org/mutation/general/R75X,Success
Q220X,https://cftr2.org/mutation/general/Q220X,Success
3120G->A,https://cftr2.org/mutation/general/3120G-%253EA,Success
4382delA,https://cftr2.org/mutation/general/4382delA,Success
S1235R,https://cftr2.org/mutation/general/S1235R,"Error: Message: 
"
P205S,https://cftr2.org/mutation/general/P205S,Success
R709X,https://cftr2.org/mutation/general/R709X,Success
P5L,https://cftr2.org/mutation/general/P5L,Success
3199del6,https://cftr2.org/mutation/general/3199del6,Success
S466X,https://cftr2.org/mutation/general/S466X,Success
711+5G->A,https://cftr2.org/mutation/general/711%252B5G-%253EA,Success
5T;TG11,https://cftr2.org/mutation/general/5T%253BTG11,"Error: Message: 
"
5T;TG13,https://cftr2.org/mutation/general/5T%253BTG13,Success
V232D,https://cftr2.org/mutation/general/V232D,Success
L138ins,https://cftr2.org/mutation/general/L138ins,Success
I336K,https://cftr2.org/mutation/general/I336K,Success
R75Q,https://cftr2.org/mutation/general/R75Q,"Error: Message: 
"
E831X,https://cftr2.org/mutation/general/E831X,Success
CFTRdele17a-18,https://cftr2.org/mutation/general/CFTRdele17a-18,Success
I1027T,https://cftr2.org/mutation/general/I1027T,"Error: Message: 
"
S4X,https://cftr2.org/mutation/general/S4X,Success
W1089X,https://cftr2.org/mutation/general/W1089X,Success
F508del;I1027T,https://cftr2.org/mutation/general/F508del%253BI1027T,"Error: Message: 
Stacktrace:
	GetHandleVerifier [0x00007FF6D3401522+60802]
	(No symbol) [0x00007FF6D337AC22]
	(No symbol) [0x00007FF6D3237CE4]
	(No symbol) [0x00007FF6D3286D4D]
	(No symbol) [0x00007FF6D3286E1C]
	(No symbol) [0x00007FF6D32CCE37]
	(No symbol) [0x00007FF6D32AABBF]
	(No symbol) [0x00007FF6D32CA224]
	(No symbol) [0x00007FF6D32AA923]
	(No symbol) [0x00007FF6D3278FEC]
	(No symbol) [0x00007FF6D3279C21]
	GetHandleVerifier [0x00007FF6D37041BD+3217949]
	GetHandleVerifier [0x00007FF6D3746157+3488183]
	GetHandleVerifier [0x00007FF6D373F0DF+3459391]
	GetHandleVerifier [0x00007FF6D34BB8E6+823622]
	(No symbol) [0x00007FF6D3385FBF]
	(No symbol) [0x00007FF6D3380EE4]
	(No symbol) [0x00007FF6D3381072]
	(No symbol) [0x00007FF6D33718C4]
	BaseThreadInitThunk [0x00007FFA6CA37374+20]
	RtlUserThreadStart [0x00007FFA6DB1CC91+33]
"
"CFTRdele22,23",https://cftr2.org/mutation/general/CFTRdele22%252C23,Success
T338I,https://cftr2.org/mutation/general/T338I,Success
712-1G->T,https://cftr2.org/mutation/general/712-1G-%253ET,Success
F1052V,https://cftr2.org/mutation/general/F1052V,Success
D579G,https://cftr2.org/mutation/general/D579G,Success
K710X,https://cftr2.org/mutation/general/K710X,Success
2307insA,https://cftr2.org/mutation/general/2307insA,Success
S489X,https://cftr2.org/mutation/general/S489X,Success
1461ins4,https://cftr2.org/mutation/general/1461ins4,Success
1812-1G->A,https://cftr2.org/mutation/general/1812-1G-%253EA,Success
Y122X,https://cftr2.org/mutation/general/Y122X,Success
A561E,https://cftr2.org/mutation/general/A561E,Success
L732X,https://cftr2.org/mutation/general/L732X,Success
I1234V,https://cftr2.org/mutation/general/I1234V,Success
R785X,https://cftr2.org/mutation/general/R785X,Success
L467P,https://cftr2.org/mutation/general/L467P,Success
Q890X,https://cftr2.org/mutation/general/Q890X,Success
Q39X,https://cftr2.org/mutation/general/Q39X,Success
1248+1G->A,https://cftr2.org/mutation/general/1248%252B1G-%253EA,Success
E92X,https://cftr2.org/mutation/general/E92X,Success
W846X,https://cftr2.org/mutation/general/W846X,Success
2347delG,https://cftr2.org/mutation/general/2347delG,Success
G576A,https://cftr2.org/mutation/general/G576A,"Error: Message: 
"
1898+3A->G,https://cftr2.org/mutation/general/1898%252B3A-%253EG,Success
CFTRdele22-24,https://cftr2.org/mutation/general/CFTRdele22-24,Success
406-1G->A,https://cftr2.org/mutation/general/406-1G-%253EA,Success
Y569D,https://cftr2.org/mutation/general/Y569D,Success
R1070W,https://cftr2.org/mutation/general/R1070W,Success
R764X,https://cftr2.org/mutation/general/R764X,Success
E822X,https://cftr2.org/mutation/general/E822X,Success
L1065P,https://cftr2.org/mutation/general/L1065P,Success
Q552X,https://cftr2.org/mutation/general/Q552X,Success
R1070Q,https://cftr2.org/mutation/general/R1070Q,Success
1716G/A,https://cftr2.org/mutation/general/1716G%252FA,"Error: Message: 
"
R851X,https://cftr2.org/mutation/general/R851X,Success
S492F,https://cftr2.org/mutation/general/S492F,Success
R668C,https://cftr2.org/mutation/general/R668C,"Error: Message: 
"
V456A,https://cftr2.org/mutation/general/V456A,Success
S466X;R1070Q,https://cftr2.org/mutation/general/S466X%253BR1070Q,Success
S1196X,https://cftr2.org/mutation/general/S1196X,Success
1811+1643G->T,https://cftr2.org/mutation/general/1811%252B1643G-%253ET,Success
T854T,https://cftr2.org/mutation/general/T854T,"Error: Message: 
"
405+1G->A,https://cftr2.org/mutation/general/405%252B1G-%253EA,Success
2711delT,https://cftr2.org/mutation/general/2711delT,Success
457TAT->G,https://cftr2.org/mutation/general/457TAT-%253EG,Success
7T,https://cftr2.org/mutation/general/7T,"Error: Message: 
Stacktrace:
	GetHandleVerifier [0x00007FF6D3401522+60802]
	(No symbol) [0x00007FF6D337AC22]
	(No symbol) [0x00007FF6D3237CE4]
	(No symbol) [0x00007FF6D3286D4D]
	(No symbol) [0x00007FF6D3286E1C]
	(No symbol) [0x00007FF6D32CCE37]
	(No symbol) [0x00007FF6D32AABBF]
	(No symbol) [0x00007FF6D32CA224]
	(No symbol) [0x00007FF6D32AA923]
	(No symbol) [0x00007FF6D3278FEC]
	(No symbol) [0x00007FF6D3279C21]
	GetHandleVerifier [0x00007FF6D37041BD+3217949]
	GetHandleVerifier [0x00007FF6D3746157+3488183]
	GetHandleVerifier [0x00007FF6D373F0DF+3459391]
	GetHandleVerifier [0x00007FF6D34BB8E6+823622]
	(No symbol) [0x00007FF6D3385FBF]
	(No symbol) [0x00007FF6D3380EE4]
	(No symbol) [0x00007FF6D3381072]
	(No symbol) [0x00007FF6D33718C4]
	BaseThreadInitThunk [0x00007FFA6CA37374+20]
	RtlUserThreadStart [0x00007FFA6DB1CC91+33]
"
4005+2T->C,https://cftr2.org/mutation/general/4005%252B2T-%253EC,Success
3007delG,https://cftr2.org/mutation/general/3007delG,Success
G1349D,https://cftr2.org/mutation/general/G1349D,Success
L558S,https://cftr2.org/mutation/general/L558S,Success
S1455X,https://cftr2.org/mutation/general/S1455X,Success
574delA,https://cftr2.org/mutation/general/574delA,Success
1259insA,https://cftr2.org/mutation/general/1259insA,Success
H609R,https://cftr2.org/mutation/general/H609R,Success
L927P,https://cftr2.org/mutation/general/L927P,Success
L1335P,https://cftr2.org/mutation/general/L1335P,Success
S341P,https://cftr2.org/mutation/general/S341P,Success
Q1313X,https://cftr2.org/mutation/general/Q1313X,Success
1609delCA,https://cftr2.org/mutation/general/1609delCA,Success
G1061R,https://cftr2.org/mutation/general/G1061R,Success
Q1291H,https://cftr2.org/mutation/general/Q1291H,Success
2105-2117del13insAGAAA,https://cftr2.org/mutation/general/2105-2117del13insAGAAA,Success
CFTRdup6b-10,https://cftr2.org/mutation/general/CFTRdup6b-10,Success
M1V,https://cftr2.org/mutation/general/M1V,Success
4209TGTT->AA,https://cftr2.org/mutation/general/4209TGTT-%253EAA,Success
D1270N,https://cftr2.org/mutation/general/D1270N,Success
L218X,https://cftr2.org/mutation/general/L218X,Success
"CFTRdele17a,17b",https://cftr2.org/mutation/general/CFTRdele17a%252C17b,Success
1717-8G->A,https://cftr2.org/mutation/general/1717-8G-%253EA,Success
2055del9->A,https://cftr2.org/mutation/general/2055del9-%253EA,Success
1949del84,https://cftr2.org/mutation/general/1949del84,Success
D614G,https://cftr2.org/mutation/general/D614G,Success
W1204X,https://cftr2.org/mutation/general/W1204X,Success
Y563N,https://cftr2.org/mutation/general/Y563N,Success
G1069R,https://cftr2.org/mutation/general/G1069R,Success
L967S,https://cftr2.org/mutation/general/L967S,"Error: Message: 
"
A1006E,https://cftr2.org/mutation/general/A1006E,Success
T1246I,https://cftr2.org/mutation/general/T1246I,Success
H199Y,https://cftr2.org/mutation/general/H199Y,Success
F312del,https://cftr2.org/mutation/general/F312del,Success
G551S,https://cftr2.org/mutation/general/G551S,Success
Q98X,https://cftr2.org/mutation/general/Q98X,Success
Y1032C,https://cftr2.org/mutation/general/Y1032C,Success
E1104X,https://cftr2.org/mutation/general/E1104X,Success
S1255X,https://cftr2.org/mutation/general/S1255X,Success
3600G->A,https://cftr2.org/mutation/general/3600G-%253EA,Success
3121-1G->A,https://cftr2.org/mutation/general/3121-1G-%253EA,Success
663delT,https://cftr2.org/mutation/general/663delT,Success
3821delT,https://cftr2.org/mutation/general/3821delT,Success
935delA,https://cftr2.org/mutation/general/935delA,Success
Q98R,https://cftr2.org/mutation/general/Q98R,Success
1138insG,https://cftr2.org/mutation/general/1138insG,Success
1471delA,https://cftr2.org/mutation/general/1471delA,Success
R74W,https://cftr2.org/mutation/general/R74W,Success
G126D,https://cftr2.org/mutation/general/G126D,Success
1288insTA,https://cftr2.org/mutation/general/1288insTA,Success
1548delG,https://cftr2.org/mutation/general/1548delG,Success
L227R,https://cftr2.org/mutation/general/L227R,Success
4015delA,https://cftr2.org/mutation/general/4015delA,Success
R31C,https://cftr2.org/mutation/general/R31C,"Error: Message: 
"
R792X,https://cftr2.org/mutation/general/R792X,Success
L1254X,https://cftr2.org/mutation/general/L1254X,Success
3791delC,https://cftr2.org/mutation/general/3791delC,Success
2585delT,https://cftr2.org/mutation/general/2585delT,Success
V754M,https://cftr2.org/mutation/general/V754M,"Error: Message: 
"
Q1476X,https://cftr2.org/mutation/general/Q1476X,Success
3600+2insT,https://cftr2.org/mutation/general/3600%252B2insT,Success
1811+1G->C,https://cftr2.org/mutation/general/1811%252B1G-%253EC,Success
4374+1G->T,https://cftr2.org/mutation/general/4374%252B1G-%253ET,Success
2869insG,https://cftr2.org/mutation/general/2869insG,Success
P574H,https://cftr2.org/mutation/general/P574H,Success
2118del4,https://cftr2.org/mutation/general/2118del4,Success
S1159F,https://cftr2.org/mutation/general/S1159F,Success
E193X,https://cftr2.org/mutation/general/E193X,Success
Q359K/T360K,https://cftr2.org/mutation/general/Q359K%252FT360K,Success
R334L,https://cftr2.org/mutation/general/R334L,Success
4326delTC,https://cftr2.org/mutation/general/4326delTC,Success
CFTRdele4-10,https://cftr2.org/mutation/general/CFTRdele4-10,Success
4005+1G->A,https://cftr2.org/mutation/general/4005%252B1G-%253EA,Success
4040delA,https://cftr2.org/mutation/general/4040delA,Success
1341+1G->A,https://cftr2.org/mutation/general/1341%252B1G-%253EA,Success
1161delC,https://cftr2.org/mutation/general/1161delC,Success
1367del5,https://cftr2.org/mutation/general/1367del5,Success
S912X,https://cftr2.org/mutation/general/S912X,Success
G970D,https://cftr2.org/mutation/general/G970D,Success
W1310X,https://cftr2.org/mutation/general/W1310X,Success
L165S,https://cftr2.org/mutation/general/L165S,Success
C276X,https://cftr2.org/mutation/general/C276X,Success
CFTRdele14b-17b,https://cftr2.org/mutation/general/CFTRdele14b-17b,Success
3849G->A,https://cftr2.org/mutation/general/3849G-%253EA,Success
W57G,https://cftr2.org/mutation/general/W57G,Success
991del5,https://cftr2.org/mutation/general/991del5,Success
182delT,https://cftr2.org/mutation/general/182delT,Success
3130delA,https://cftr2.org/mutation/general/3130delA,Success
G330X,https://cftr2.org/mutation/general/G330X,Success
V562I,https://cftr2.org/mutation/general/V562I,"Error: Message: 
"
S977F,https://cftr2.org/mutation/general/S977F,Success
H1054D,https://cftr2.org/mutation/general/H1054D,Success
E1371X,https://cftr2.org/mutation/general/E1371X,Success
852del22,https://cftr2.org/mutation/general/852del22,Success
2043delG,https://cftr2.org/mutation/general/2043delG,Success
W401X,https://cftr2.org/mutation/general/W401X,Success
1898+1G->C,https://cftr2.org/mutation/general/1898%252B1G-%253EC,Success
S434X,https://cftr2.org/mutation/general/S434X,Success
Y913X,https://cftr2.org/mutation/general/Y913X,Success
306insA,https://cftr2.org/mutation/general/306insA,Success
D110E,https://cftr2.org/mutation/general/D110E,Success
3500-2A->G,https://cftr2.org/mutation/general/3500-2A-%253EG,Success
3944delGT,https://cftr2.org/mutation/general/3944delGT,Success
I502T,https://cftr2.org/mutation/general/I502T,Success
G673X,https://cftr2.org/mutation/general/G673X,Success
A613T,https://cftr2.org/mutation/general/A613T,Success
T1036N,https://cftr2.org/mutation/general/T1036N,Success
CFTRdele19-21,https://cftr2.org/mutation/general/CFTRdele19-21,Success
1525-2A->G,https://cftr2.org/mutation/general/1525-2A-%253EG,Success
875+1G->A,https://cftr2.org/mutation/general/875%252B1G-%253EA,Success
CFTRdele4-11,https://cftr2.org/mutation/general/CFTRdele4-11,Success
1213delT,https://cftr2.org/mutation/general/1213delT,Success
M1T,https://cftr2.org/mutation/general/M1T,Success
621+3A->G,https://cftr2.org/mutation/general/621%252B3A-%253EG,Success
I618T,https://cftr2.org/mutation/general/I618T,Success
I807M,https://cftr2.org/mutation/general/I807M,"Error: Message: 
"
Y849X,https://cftr2.org/mutation/general/Y849X,Success
F1074L,https://cftr2.org/mutation/general/F1074L,Success
Y275X,https://cftr2.org/mutation/general/Y275X,Success
3667ins4,https://cftr2.org/mutation/general/3667ins4,Success
444delA,https://cftr2.org/mutation/general/444delA,Success
2183delAA,https://cftr2.org/mutation/general/2183delAA,Success
E379X,https://cftr2.org/mutation/general/E379X,Success
C524X,https://cftr2.org/mutation/general/C524X,Success
R560K,https://cftr2.org/mutation/general/R560K,Success
S1159P,https://cftr2.org/mutation/general/S1159P,Success
R1162L,https://cftr2.org/mutation/general/R1162L,"Error: Message: 
"
I1269N,https://cftr2.org/mutation/general/I1269N,Success
R170H,https://cftr2.org/mutation/general/R170H,"Error: Message: 
"
185+1G->T,https://cftr2.org/mutation/general/185%252B1G-%253ET,Success
4006-1G->A,https://cftr2.org/mutation/general/4006-1G-%253EA,Success
3878delG,https://cftr2.org/mutation/general/3878delG,Success
3849+4A->G,https://cftr2.org/mutation/general/3849%252B4A-%253EG,Success
Q525X,https://cftr2.org/mutation/general/Q525X,Success
Q1291R,https://cftr2.org/mutation/general/Q1291R,Success
CFTRdele2-4,https://cftr2.org/mutation/general/CFTRdele2-4,Success
3132delTG,https://cftr2.org/mutation/general/3132delTG,Success
Q414X,https://cftr2.org/mutation/general/Q414X,Success
G628R,https://cftr2.org/mutation/general/G628R,Success
G970R,https://cftr2.org/mutation/general/G970R,Success
4010del4,https://cftr2.org/mutation/general/4010del4,Success
Q1411X,https://cftr2.org/mutation/general/Q1411X,Success
3121-2A->G,https://cftr2.org/mutation/general/3121-2A-%253EG,Success
S1255P,https://cftr2.org/mutation/general/S1255P,Success
R117L,https://cftr2.org/mutation/general/R117L,Success
365-366insT,https://cftr2.org/mutation/general/365-366insT,Success
2942insT,https://cftr2.org/mutation/general/2942insT,Success
CFTRdele16-17b,https://cftr2.org/mutation/general/CFTRdele16-17b,Success
1342-2A->C,https://cftr2.org/mutation/general/1342-2A-%253EC,Success
1497delGG,https://cftr2.org/mutation/general/1497delGG,Success
306delTAGA,https://cftr2.org/mutation/general/306delTAGA,Success
1898+5G->T,https://cftr2.org/mutation/general/1898%252B5G-%253ET,Success
P750L,https://cftr2.org/mutation/general/P750L,Success
W1098R,https://cftr2.org/mutation/general/W1098R,Success
3850-1G->A,https://cftr2.org/mutation/general/3850-1G-%253EA,Success
1716+1G->A,https://cftr2.org/mutation/general/1716%252B1G-%253EA,Success
2721del11,https://cftr2.org/mutation/general/2721del11,Success
3850-3T->G,https://cftr2.org/mutation/general/3850-3T-%253EG,Success
124del23bp,https://cftr2.org/mutation/general/124del23bp,Success
F311L,https://cftr2.org/mutation/general/F311L,Success
R334Q,https://cftr2.org/mutation/general/R334Q,Success
D836Y,https://cftr2.org/mutation/general/D836Y,"Error: Message: 
"
A46D,https://cftr2.org/mutation/general/A46D,Success
Y1014C,https://cftr2.org/mutation/general/Y1014C,Success
S1118F,https://cftr2.org/mutation/general/S1118F,Success
H1375P,https://cftr2.org/mutation/general/H1375P,Success
2991del32,https://cftr2.org/mutation/general/2991del32,Success
W57X,https://cftr2.org/mutation/general/W57X,Success
2790-1G->C,https://cftr2.org/mutation/general/2790-1G-%253EC,Success
296+1G->T,https://cftr2.org/mutation/general/296%252B1G-%253ET,Success
3849+40A->G,https://cftr2.org/mutation/general/3849%252B40A-%253EG,Success
405+3A->C,https://cftr2.org/mutation/general/405%252B3A-%253EC,Success
3849+5G->A,https://cftr2.org/mutation/general/3849%252B5G-%253EA,Success
F508C,https://cftr2.org/mutation/general/F508C,"Error: Message: 
"
G622D,https://cftr2.org/mutation/general/G622D,Success
Q1035X,https://cftr2.org/mutation/general/Q1035X,Success
CFTRdele19,https://cftr2.org/mutation/general/CFTRdele19,Success
4374+1G->A,https://cftr2.org/mutation/general/4374%252B1G-%253EA,Success
1249-1G->A,https://cftr2.org/mutation/general/1249-1G-%253EA,Success
V470M,https://cftr2.org/mutation/general/V470M,"Error: Message: 
"
G27X,https://cftr2.org/mutation/general/G27X,Success
M1101R,https://cftr2.org/mutation/general/M1101R,Success
R1102X,https://cftr2.org/mutation/general/R1102X,Success
V201M,https://cftr2.org/mutation/general/V201M,Success
4428insGA,https://cftr2.org/mutation/general/4428insGA,Success
CFTRdele1,https://cftr2.org/mutation/general/CFTRdele1,Success
"CFTRdele19,20",https://cftr2.org/mutation/general/CFTRdele19%252C20,Success
875+1G->C,https://cftr2.org/mutation/general/875%252B1G-%253EC,Success
1717-2A->G,https://cftr2.org/mutation/general/1717-2A-%253EG,Success
1898+1G->T,https://cftr2.org/mutation/general/1898%252B1G-%253ET,Success
557delT,https://cftr2.org/mutation/general/557delT,Success
2176insC,https://cftr2.org/mutation/general/2176insC,Success
2957delT,https://cftr2.org/mutation/general/2957delT,Success
125G/C,https://cftr2.org/mutation/general/125G%252FC,"Error: Message: 
"
D443Y,https://cftr2.org/mutation/general/D443Y,Success
W496X,https://cftr2.org/mutation/general/W496X,Success
R560S,https://cftr2.org/mutation/general/R560S,Success
M952T,https://cftr2.org/mutation/general/M952T,Success
3143del9,https://cftr2.org/mutation/general/3143del9,Success
T1053I,https://cftr2.org/mutation/general/T1053I,"Error: Message: 
"
3539del16,https://cftr2.org/mutation/general/3539del16,Success
W1098X,https://cftr2.org/mutation/general/W1098X,Success
F1099L,https://cftr2.org/mutation/general/F1099L,Success
Q1382X,https://cftr2.org/mutation/general/Q1382X,Success
Q1412X,https://cftr2.org/mutation/general/Q1412X,Success
977insA,https://cftr2.org/mutation/general/977insA,Success
L88X,https://cftr2.org/mutation/general/L88X,Success
1898+2T->C,https://cftr2.org/mutation/general/1898%252B2T-%253EC,Success
300delA,https://cftr2.org/mutation/general/300delA,Success
541delC,https://cftr2.org/mutation/general/541delC,Success
622-1G->A,https://cftr2.org/mutation/general/622-1G-%253EA,Success
R352W,https://cftr2.org/mutation/general/R352W,Success
G550X,https://cftr2.org/mutation/general/G550X,Success
E56K,https://cftr2.org/mutation/general/E56K,Success
E116K,https://cftr2.org/mutation/general/E116K,Success
R117G,https://cftr2.org/mutation/general/R117G,Success
H139R,https://cftr2.org/mutation/general/H139R,Success
E193K,https://cftr2.org/mutation/general/E193K,Success
G194V,https://cftr2.org/mutation/general/G194V,Success
2594delGT,https://cftr2.org/mutation/general/2594delGT,Success
2896insAG,https://cftr2.org/mutation/general/2896insAG,Success
4022insT,https://cftr2.org/mutation/general/4022insT,Success
175insT,https://cftr2.org/mutation/general/175insT,Success
663insT,https://cftr2.org/mutation/general/663insT,Success
2752-26A->G,https://cftr2.org/mutation/general/2752-26A-%253EG,"Error: Message: 
"
Q353X,https://cftr2.org/mutation/general/Q353X,Success
1343delG,https://cftr2.org/mutation/general/1343delG,Success
D513G,https://cftr2.org/mutation/general/D513G,Success
S13F,https://cftr2.org/mutation/general/S13F,Success
2732insA,https://cftr2.org/mutation/general/2732insA,Success
G1249R,https://cftr2.org/mutation/general/G1249R,Success
Q1330X,https://cftr2.org/mutation/general/Q1330X,Success
I1366N,https://cftr2.org/mutation/general/I1366N,Success
F191V,https://cftr2.org/mutation/general/F191V,Success
D192G,https://cftr2.org/mutation/general/D192G,Success
2185insC,https://cftr2.org/mutation/general/2185insC,Success
3171insC,https://cftr2.org/mutation/general/3171insC,Success
CFTRdele11,https://cftr2.org/mutation/general/CFTRdele11,Success
CFTRdele9,https://cftr2.org/mutation/general/CFTRdele9,Success
CFTRdele4-7,https://cftr2.org/mutation/general/CFTRdele4-7,Success
CFTRdup22,https://cftr2.org/mutation/general/CFTRdup22,Success
1811+1G->A,https://cftr2.org/mutation/general/1811%252B1G-%253EA,Success
297-1G->A,https://cftr2.org/mutation/general/297-1G-%253EA,Success
2954delT,https://cftr2.org/mutation/general/2954delT,Success
541del4,https://cftr2.org/mutation/general/541del4,Success
3028delA,https://cftr2.org/mutation/general/3028delA,Success
1833delT,https://cftr2.org/mutation/general/1833delT,Success
3359delCT,https://cftr2.org/mutation/general/3359delCT,Success
1002-2A->G,https://cftr2.org/mutation/general/1002-2A-%253EG,Success
9T,https://cftr2.org/mutation/general/9T,"Error: Message: 
"
G314E,https://cftr2.org/mutation/general/G314E,Success
L320V,https://cftr2.org/mutation/general/L320V,"Error: Message: 
"
Q359R,https://cftr2.org/mutation/general/Q359R,Success
R516G,https://cftr2.org/mutation/general/R516G,Success
G646X,https://cftr2.org/mutation/general/G646X,Success
R933G,https://cftr2.org/mutation/general/R933G,Success
Q1042X,https://cftr2.org/mutation/general/Q1042X,Success
442delA,https://cftr2.org/mutation/general/442delA,Success
R258G,https://cftr2.org/mutation/general/R258G,Success
4218insT,https://cftr2.org/mutation/general/4218insT,Success
"CFTRdele3-10,14b-16",https://cftr2.org/mutation/general/CFTRdele3-10%252C14b-16,Success
CFTR50kbdel,https://cftr2.org/mutation/general/CFTR50kbdel,Success
CFTRdele18,https://cftr2.org/mutation/general/CFTRdele18,Success
"CFTRdele17b,18",https://cftr2.org/mutation/general/CFTRdele17b%252C18,Success
296+1G->A,https://cftr2.org/mutation/general/296%252B1G-%253EA,Success
3601-2A->G,https://cftr2.org/mutation/general/3601-2A-%253EG,Success
1524+1G->A,https://cftr2.org/mutation/general/1524%252B1G-%253EA,Success
3171delC,https://cftr2.org/mutation/general/3171delC,Success
1924del7,https://cftr2.org/mutation/general/1924del7,Success
3129del4,https://cftr2.org/mutation/general/3129del4,Success
3849+1G->A,https://cftr2.org/mutation/general/3849%252B1G-%253EA,Success
175delC,https://cftr2.org/mutation/general/175delC,Success
c.488delA,https://cftr2.org/mutation/general/c.488delA,Success
296+28A->G,https://cftr2.org/mutation/general/296%252B28A-%253EG,Success
L346P,https://cftr2.org/mutation/general/L346P,Success
A349V,https://cftr2.org/mutation/general/A349V,Success
Q2X,https://cftr2.org/mutation/general/Q2X,Success
F575Y,https://cftr2.org/mutation/general/F575Y,Success
E588V,https://cftr2.org/mutation/general/E588V,Success
S912L,https://cftr2.org/mutation/general/S912L,Success
V1240G,https://cftr2.org/mutation/general/V1240G,Success
W1274X,https://cftr2.org/mutation/general/W1274X,Success
L1480P,https://cftr2.org/mutation/general/L1480P,Success
A120T,https://cftr2.org/mutation/general/A120T,Success
G149R,https://cftr2.org/mutation/general/G149R,Success
G194R,https://cftr2.org/mutation/general/G194R,Success
M265R,https://cftr2.org/mutation/general/M265R,Success
CFTRdele10,https://cftr2.org/mutation/general/CFTRdele10,Success
"CFTRdele13,14a",https://cftr2.org/mutation/general/CFTRdele13%252C14a,Success
CFTRdele18-20,https://cftr2.org/mutation/general/CFTRdele18-20,Success
CFTRdele4-8,https://cftr2.org/mutation/general/CFTRdele4-8,Success
406-2A->G,https://cftr2.org/mutation/general/406-2A-%253EG,Success
892delA,https://cftr2.org/mutation/general/892delA,Success
1215delG,https://cftr2.org/mutation/general/1215delG,Success
1782delA,https://cftr2.org/mutation/general/1782delA,Success
Q781X,https://cftr2.org/mutation/general/Q781X,Success
E60K,https://cftr2.org/mutation/general/E60K,Success
W1098C,https://cftr2.org/mutation/general/W1098C,Success
W1145X,https://cftr2.org/mutation/general/W1145X,Success
V1153E,https://cftr2.org/mutation/general/V1153E,Success
S1206X,https://cftr2.org/mutation/general/S1206X,Success
R1283M,https://cftr2.org/mutation/general/R1283M,Success
P99L,https://cftr2.org/mutation/general/P99L,Success
602del14,https://cftr2.org/mutation/general/602del14,Success
CFTRdele15,https://cftr2.org/mutation/general/CFTRdele15,Success
CFTRdele20,https://cftr2.org/mutation/general/CFTRdele20,Success
CFTRdele21,https://cftr2.org/mutation/general/CFTRdele21,Success
CFTRdup19,https://cftr2.org/mutation/general/CFTRdup19,Success
CFTRdup10-12,https://cftr2.org/mutation/general/CFTRdup10-12,Success
CFTRdup8-10,https://cftr2.org/mutation/general/CFTRdup8-10,Success
Q2X;R3W,https://cftr2.org/mutation/general/Q2X%253BR3W,Success
W1282X;R1283M,https://cftr2.org/mutation/general/W1282X%253BR1283M,Success
3271delGG,https://cftr2.org/mutation/general/3271delGG,Success
1824delA,https://cftr2.org/mutation/general/1824delA,Success
2522insC,https://cftr2.org/mutation/general/2522insC,Success
p.S1347PfsX13,https://cftr2.org/mutation/general/p.S1347PfsX13,Success
1874insT,https://cftr2.org/mutation/general/1874insT,Success
3154delG,https://cftr2.org/mutation/general/3154delG,Success
297-3C->T,https://cftr2.org/mutation/general/297-3C-%253ET,Success
2603delT,https://cftr2.org/mutation/general/2603delT,Success
c.1084_1088dup,https://cftr2.org/mutation/general/c.1084_1088dup,Success
Q290X,https://cftr2.org/mutation/general/Q290X,Success
Y362X,https://cftr2.org/mutation/general/Y362X,Success
E407X,https://cftr2.org/mutation/general/E407X,Success
V456F,https://cftr2.org/mutation/general/V456F,Success
L15P,https://cftr2.org/mutation/general/L15P,Success
Y563D,https://cftr2.org/mutation/general/Y563D,Success
I601F,https://cftr2.org/mutation/general/I601F,Success
G27R,https://cftr2.org/mutation/general/G27R,Success
E664X,https://cftr2.org/mutation/general/E664X,Success
R31L,https://cftr2.org/mutation/general/R31L,Success
Q720X,https://cftr2.org/mutation/general/Q720X,Success
2372del8,https://cftr2.org/mutation/general/2372del8,Success
W882X,https://cftr2.org/mutation/general/W882X,Success
W79X,https://cftr2.org/mutation/general/W79X,Success
Q1281X,https://cftr2.org/mutation/general/Q1281X,Success
G91R,https://cftr2.org/mutation/general/G91R,Success
L1324P,https://cftr2.org/mutation/general/L1324P,Success
L101X,https://cftr2.org/mutation/general/L101X,Success
G103X,https://cftr2.org/mutation/general/G103X,Success
Y161D,https://cftr2.org/mutation/general/Y161D,Success
G194X,https://cftr2.org/mutation/general/G194X,Success
C225X,https://cftr2.org/mutation/general/C225X,Success
Q237E,https://cftr2.org/mutation/general/Q237E,Success
W277X,https://cftr2.org/mutation/general/W277X,Success
2556insAT,https://cftr2.org/mutation/general/2556insAT,Success
4279insA,https://cftr2.org/mutation/general/4279insA,Success
CFTRdele14a,https://cftr2.org/mutation/general/CFTRdele14a,Success
"CFTRdele14b,15",https://cftr2.org/mutation/general/CFTRdele14b%252C15,Success
1119delA,https://cftr2.org/mutation/general/1119delA,Success
1774delCT,https://cftr2.org/mutation/general/1774delCT,Success
3737delA,https://cftr2.org/mutation/general/3737delA,Success
2634insT,https://cftr2.org/mutation/general/2634insT,Success
3056delGA,https://cftr2.org/mutation/general/3056delGA,Success
366insC,https://cftr2.org/mutation/general/366insC,Success
1601delT,https://cftr2.org/mutation/general/1601delT,Success
c.2556dupT,https://cftr2.org/mutation/general/c.2556dupT,Success
183delC,https://cftr2.org/mutation/general/183delC,Success
L453S,https://cftr2.org/mutation/general/L453S,Success
W19X,https://cftr2.org/mutation/general/W19X,Success
G745X,https://cftr2.org/mutation/general/G745X,Success
F1016S,https://cftr2.org/mutation/general/F1016S,Success
H1085P,https://cftr2.org/mutation/general/H1085P,Success
Y84X,https://cftr2.org/mutation/general/Y84X,Success
S1248X,https://cftr2.org/mutation/general/S1248X,Success
Q1291X,https://cftr2.org/mutation/general/Q1291X,Success
L102R,https://cftr2.org/mutation/general/L102R,Success
Y109X,https://cftr2.org/mutation/general/Y109X,Success
R117P,https://cftr2.org/mutation/general/R117P,Success
W202X,https://cftr2.org/mutation/general/W202X,Success
CFTRdele17a,https://cftr2.org/mutation/general/CFTRdele17a,Success
CFTRdele22,https://cftr2.org/mutation/general/CFTRdele22,Success
CFTRdele10-14b,https://cftr2.org/mutation/general/CFTRdele10-14b,Success
CFTRdele14a-15,https://cftr2.org/mutation/general/CFTRdele14a-15,Success
296+1G->C,https://cftr2.org/mutation/general/296%252B1G-%253EC,Success
1811+2T->C,https://cftr2.org/mutation/general/1811%252B2T-%253EC,Success
1898+2T->A,https://cftr2.org/mutation/general/1898%252B2T-%253EA,Success
3040+1G->A,https://cftr2.org/mutation/general/3040%252B1G-%253EA,Success
621+2T->C,https://cftr2.org/mutation/general/621%252B2T-%253EC,Success
2790-2A->G,https://cftr2.org/mutation/general/2790-2A-%253EG,Success
1716+2T->C,https://cftr2.org/mutation/general/1716%252B2T-%253EC,Success
712-2A->G,https://cftr2.org/mutation/general/712-2A-%253EG,Success
297-2A->G,https://cftr2.org/mutation/general/297-2A-%253EG,Success
2108delA,https://cftr2.org/mutation/general/2108delA,Success
1434delA,https://cftr2.org/mutation/general/1434delA,Success
1366delG,https://cftr2.org/mutation/general/1366delG,Success
1504delG,https://cftr2.org/mutation/general/1504delG,Success
2723delTT,https://cftr2.org/mutation/general/2723delTT,Success
3732delA,https://cftr2.org/mutation/general/3732delA,Success
4259del5,https://cftr2.org/mutation/general/4259del5,Success
675del4,https://cftr2.org/mutation/general/675del4,Success
909delT,https://cftr2.org/mutation/general/909delT,Success
712-2A->C,https://cftr2.org/mutation/general/712-2A-%253EC,Success
2686dupT,https://cftr2.org/mutation/general/2686dupT,Success
604insA,https://cftr2.org/mutation/general/604insA,Success
840delT,https://cftr2.org/mutation/general/840delT,Success
E292X,https://cftr2.org/mutation/general/E292X,Success
1429del7,https://cftr2.org/mutation/general/1429del7,Success
E474K,https://cftr2.org/mutation/general/E474K,"Error: Message: 
Stacktrace:
	GetHandleVerifier [0x00007FF6D3401522+60802]
	(No symbol) [0x00007FF6D337AC22]
	(No symbol) [0x00007FF6D3237CE4]
	(No symbol) [0x00007FF6D3286D4D]
	(No symbol) [0x00007FF6D3286E1C]
	(No symbol) [0x00007FF6D32CCE37]
	(No symbol) [0x00007FF6D32AABBF]
	(No symbol) [0x00007FF6D32CA224]
	(No symbol) [0x00007FF6D32AA923]
	(No symbol) [0x00007FF6D3278FEC]
	(No symbol) [0x00007FF6D3279C21]
	GetHandleVerifier [0x00007FF6D37041BD+3217949]
	GetHandleVerifier [0x00007FF6D3746157+3488183]
	GetHandleVerifier [0x00007FF6D373F0DF+3459391]
	GetHandleVerifier [0x00007FF6D34BB8E6+823622]
	(No symbol) [0x00007FF6D3385FBF]
	(No symbol) [0x00007FF6D3380EE4]
	(No symbol) [0x00007FF6D3381072]
	(No symbol) [0x00007FF6D33718C4]
	BaseThreadInitThunk [0x00007FFA6CA37374+20]
	RtlUserThreadStart [0x00007FFA6DB1CC91+33]
"
E514X,https://cftr2.org/mutation/general/E514X,Success
Y563X,https://cftr2.org/mutation/general/Y563X,Success
Q652X,https://cftr2.org/mutation/general/Q652X,Success
Q685X,https://cftr2.org/mutation/general/Q685X,Success
Q715X,https://cftr2.org/mutation/general/Q715X,Success
D924N,https://cftr2.org/mutation/general/D924N,Success
K978X,https://cftr2.org/mutation/general/K978X,Success
W1063X,https://cftr2.org/mutation/general/W1063X,Success
K68X,https://cftr2.org/mutation/general/K68X,Success
K1302X,https://cftr2.org/mutation/general/K1302X,Success
E1308X,https://cftr2.org/mutation/general/E1308X,Success
Q1309X,https://cftr2.org/mutation/general/Q1309X,Success
Q207X,https://cftr2.org/mutation/general/Q207X,Success
W216X,https://cftr2.org/mutation/general/W216X,Success
3349insT,https://cftr2.org/mutation/general/3349insT,Success
CFTRdele17b,https://cftr2.org/mutation/general/CFTRdele17b,Success
CFTRdup1-3,https://cftr2.org/mutation/general/CFTRdup1-3,Success
F508C;S1251N,https://cftr2.org/mutation/general/F508C%253BS1251N,Success
406-1G->C,https://cftr2.org/mutation/general/406-1G-%253EC,Success
2752-2A->G,https://cftr2.org/mutation/general/2752-2A-%253EG,Success
876-2A->G,https://cftr2.org/mutation/general/876-2A-%253EG,Success
3940delG,https://cftr2.org/mutation/general/3940delG,Success
630delG,https://cftr2.org/mutation/general/630delG,Success
1006_1007delGA,https://cftr2.org/mutation/general/1006_1007delGA,Success
593insT,https://cftr2.org/mutation/general/593insT,Success
896delT,https://cftr2.org/mutation/general/896delT,Success
2075delA,https://cftr2.org/mutation/general/2075delA,Success
681delC,https://cftr2.org/mutation/general/681delC,Success
1199delG,https://cftr2.org/mutation/general/1199delG,Success
2634delT,https://cftr2.org/mutation/general/2634delT,Success
3528delC,https://cftr2.org/mutation/general/3528delC,Success
3662delA,https://cftr2.org/mutation/general/3662delA,Success
1112delT,https://cftr2.org/mutation/general/1112delT,Success
1802delC,https://cftr2.org/mutation/general/1802delC,Success
181_182dup,https://cftr2.org/mutation/general/181_182dup,Success
4271delC,https://cftr2.org/mutation/general/4271delC,Success
3750delAG,https://cftr2.org/mutation/general/3750delAG,Success
296+3insT,https://cftr2.org/mutation/general/296%252B3insT,Success
710_711+5del7,https://cftr2.org/mutation/general/710_711%252B5del7,Success
3271+1delG,https://cftr2.org/mutation/general/3271%252B1delG,Success
c.3883_3884insG,https://cftr2.org/mutation/general/c.3883_3884insG,Success
c.2053_2054insAA,https://cftr2.org/mutation/general/c.2053_2054insAA,Success
1787delA,https://cftr2.org/mutation/general/1787delA,Success
D443fs,https://cftr2.org/mutation/general/D443fs,Success
W356X,https://cftr2.org/mutation/general/W356X,Success
W361X,https://cftr2.org/mutation/general/W361X,Success
K381X,https://cftr2.org/mutation/general/K381X,Success
Y577X,https://cftr2.org/mutation/general/Y577X,Success
K598X,https://cftr2.org/mutation/general/K598X,Success
E656X,https://cftr2.org/mutation/general/E656X,Success
W679X,https://cftr2.org/mutation/general/W679X,Success
E33X,https://cftr2.org/mutation/general/E33X,Success
S962X,https://cftr2.org/mutation/general/S962X,Success
D979V,https://cftr2.org/mutation/general/D979V,Success
R1128X,https://cftr2.org/mutation/general/R1128X,Success
Q1144X,https://cftr2.org/mutation/general/Q1144X,Success
E1266X,https://cftr2.org/mutation/general/E1266X,Success
Q1280X,https://cftr2.org/mutation/general/Q1280X,Success
Q1390X,https://cftr2.org/mutation/general/Q1390X,Success
Q179X,https://cftr2.org/mutation/general/Q179X,Success
4168delCTAAGCC,https://cftr2.org/mutation/general/4168delCTAAGCC,Success
CFTRdele3,https://cftr2.org/mutation/general/CFTRdele3,Success
CFTRdele4,https://cftr2.org/mutation/general/CFTRdele4,Success
CFTRdele8,https://cftr2.org/mutation/general/CFTRdele8,Success
CFTRdele1-10,https://cftr2.org/mutation/general/CFTRdele1-10,Success
CFTRdele1-9,https://cftr2.org/mutation/general/CFTRdele1-9,Success
CFTRdele16-20,https://cftr2.org/mutation/general/CFTRdele16-20,Success
CFTRdele2-10,https://cftr2.org/mutation/general/CFTRdele2-10,Success
CFTRdele4-6ains6,https://cftr2.org/mutation/general/CFTRdele4-6ains6,Success
"CFTRdele4-8,12-21",https://cftr2.org/mutation/general/CFTRdele4-8%252C12-21,Success
"CFTRdele8,9",https://cftr2.org/mutation/general/CFTRdele8%252C9,Success
CFTRdelePr-3,https://cftr2.org/mutation/general/CFTRdelePr-3,Success
CFTRdup2,https://cftr2.org/mutation/general/CFTRdup2,Success
CFTRdup4-10,https://cftr2.org/mutation/general/CFTRdup4-10,Success
"CFTRdup6b,7",https://cftr2.org/mutation/general/CFTRdup6b%252C7,Success
3600+1G->T,https://cftr2.org/mutation/general/3600%252B1G-%253ET,Success
296+2T->G,https://cftr2.org/mutation/general/296%252B2T-%253EG,Success
621+1G->A,https://cftr2.org/mutation/general/621%252B1G-%253EA,Success
1717-1G->T,https://cftr2.org/mutation/general/1717-1G-%253ET,Success
2751+2T->C,https://cftr2.org/mutation/general/2751%252B2T-%253EC,Success
1001+1G->C,https://cftr2.org/mutation/general/1001%252B1G-%253EC,Success
296+2T->C,https://cftr2.org/mutation/general/296%252B2T-%253EC,Success
186-1G->A,https://cftr2.org/mutation/general/186-1G-%253EA,Success
875+2T->C,https://cftr2.org/mutation/general/875%252B2T-%253EC,Success
3497delC,https://cftr2.org/mutation/general/3497delC,Success
1540del10,https://cftr2.org/mutation/general/1540del10,Success
2053insTA,https://cftr2.org/mutation/general/2053insTA,Success
1353delA,https://cftr2.org/mutation/general/1353delA,Success
c.142_145delAATC,https://cftr2.org/mutation/general/c.142_145delAATC,Success
2221insA,https://cftr2.org/mutation/general/2221insA,Success
c.2261delT,https://cftr2.org/mutation/general/c.2261delT,Success
3667del4,https://cftr2.org/mutation/general/3667del4,Success
733delG,https://cftr2.org/mutation/general/733delG,Success
849delG,https://cftr2.org/mutation/general/849delG,Success
1460delAT,https://cftr2.org/mutation/general/1460delAT,Success
295ins8,https://cftr2.org/mutation/general/295ins8,Success
2335delA,https://cftr2.org/mutation/general/2335delA,Success
2557delT,https://cftr2.org/mutation/general/2557delT,Success
2937_2942delinsTCAGA,https://cftr2.org/mutation/general/2937_2942delinsTCAGA,Success
2949del5,https://cftr2.org/mutation/general/2949del5,Success
3143delC,https://cftr2.org/mutation/general/3143delC,Success
435insA,https://cftr2.org/mutation/general/435insA,Success
556delA,https://cftr2.org/mutation/general/556delA,Success
c.49_50delTT,https://cftr2.org/mutation/general/c.49_50delTT,Success
1601delTC,https://cftr2.org/mutation/general/1601delTC,Success
464delC,https://cftr2.org/mutation/general/464delC,Success
3600+5G->A,https://cftr2.org/mutation/general/3600%252B5G-%253EA,Success
622-1G->C,https://cftr2.org/mutation/general/622-1G-%253EC,Success
3271+1G->A,https://cftr2.org/mutation/general/3271%252B1G-%253EA,Success
3499+1G->A,https://cftr2.org/mutation/general/3499%252B1G-%253EA,Success
1248+1G->C,https://cftr2.org/mutation/general/1248%252B1G-%253EC,Success
1342-1delG,https://cftr2.org/mutation/general/1342-1delG,Success
1309delG,https://cftr2.org/mutation/general/1309delG,Success
1465_1466insTAAT,https://cftr2.org/mutation/general/1465_1466insTAAT,Success
1289insTA,https://cftr2.org/mutation/general/1289insTA,Success
c.2089delA,https://cftr2.org/mutation/general/c.2089delA,Success
3617delGA,https://cftr2.org/mutation/general/3617delGA,Success
174delA,https://cftr2.org/mutation/general/174delA,Success
c.3477delT,https://cftr2.org/mutation/general/c.3477delT,Success
Y304X,https://cftr2.org/mutation/general/Y304X,Success
Q372X,https://cftr2.org/mutation/general/Q372X,Success
Q378X,https://cftr2.org/mutation/general/Q378X,Success
E402X,https://cftr2.org/mutation/general/E402X,Success
K442X,https://cftr2.org/mutation/general/K442X,Success
E528X,https://cftr2.org/mutation/general/E528X,Success
L568X,https://cftr2.org/mutation/general/L568X,Success
Y569X,https://cftr2.org/mutation/general/Y569X,Success
E588X,https://cftr2.org/mutation/general/E588X,Success
S660X,https://cftr2.org/mutation/general/S660X,Success
K688X,https://cftr2.org/mutation/general/K688X,Success
Q30X,https://cftr2.org/mutation/general/Q30X,Success
L719X,https://cftr2.org/mutation/general/L719X,Success
E730X,https://cftr2.org/mutation/general/E730X,Success
Q767X,https://cftr2.org/mutation/general/Q767X,Success
Q779X,https://cftr2.org/mutation/general/Q779X,Success
R810X,https://cftr2.org/mutation/general/R810X,Success
Q814X,https://cftr2.org/mutation/general/Q814X,Success
E815X,https://cftr2.org/mutation/general/E815X,Success
E826X,https://cftr2.org/mutation/general/E826X,Success
K830X,https://cftr2.org/mutation/general/K830X,Success
E56X,https://cftr2.org/mutation/general/E56X,Success
G1003X,https://cftr2.org/mutation/general/G1003X,Success
L1011X,https://cftr2.org/mutation/general/L1011X,Success
Y1182X,https://cftr2.org/mutation/general/Y1182X,Success
G85X,https://cftr2.org/mutation/general/G85X,Success
G1247X,https://cftr2.org/mutation/general/G1247X,Success
G1287X,https://cftr2.org/mutation/general/G1287X,Success
Y1307X,https://cftr2.org/mutation/general/Y1307X,Success
W1316X,https://cftr2.org/mutation/general/W1316X,Success
Y1381X,https://cftr2.org/mutation/general/Y1381X,Success
E1401X,https://cftr2.org/mutation/general/E1401X,Success
Q151X,https://cftr2.org/mutation/general/Q151X,Success
CFTRdele12,https://cftr2.org/mutation/general/CFTRdele12,Success
CFTRdele7,https://cftr2.org/mutation/general/CFTRdele7,Success
CFTRdele1-24,https://cftr2.org/mutation/general/CFTRdele1-24,Success
CFTRdele11-18,https://cftr2.org/mutation/general/CFTRdele11-18,Success
CFTRdele14a-17b,https://cftr2.org/mutation/general/CFTRdele14a-17b,Success
"CFTRdele16,17a",https://cftr2.org/mutation/general/CFTRdele16%252C17a,Success
CFTRdele2-6b,https://cftr2.org/mutation/general/CFTRdele2-6b,Success
"CFTRdele9,10",https://cftr2.org/mutation/general/CFTRdele9%252C10,Success
"CFTRdup16,17a",https://cftr2.org/mutation/general/CFTRdup16%252C17a,Success
CFTRdup22-24,https://cftr2.org/mutation/general/CFTRdup22-24,Success
CFTRdup6b-16,https://cftr2.org/mutation/general/CFTRdup6b-16,Success
1812-2A->C,https://cftr2.org/mutation/general/1812-2A-%253EC,Success
3272-1G->A,https://cftr2.org/mutation/general/3272-1G-%253EA,Success
1342-1G->C,https://cftr2.org/mutation/general/1342-1G-%253EC,Success
3271+2T->C,https://cftr2.org/mutation/general/3271%252B2T-%253EC,Success
3600+1G->A,https://cftr2.org/mutation/general/3600%252B1G-%253EA,Success
621+2T->G,https://cftr2.org/mutation/general/621%252B2T-%253EG,Success
185+2T->C,https://cftr2.org/mutation/general/185%252B2T-%253EC,Success
710del4,https://cftr2.org/mutation/general/710del4,Success
1341+1G->T,https://cftr2.org/mutation/general/1341%252B1G-%253ET,Success
185+2T->G,https://cftr2.org/mutation/general/185%252B2T-%253EG,Success
405+2T->G,https://cftr2.org/mutation/general/405%252B2T-%253EG,Success
982delA,https://cftr2.org/mutation/general/982delA,Success
1058delC,https://cftr2.org/mutation/general/1058delC,Success
525delT,https://cftr2.org/mutation/general/525delT,"Error: Message: 
Stacktrace:
	GetHandleVerifier [0x00007FF6D3401522+60802]
	(No symbol) [0x00007FF6D337AC22]
	(No symbol) [0x00007FF6D3237CE4]
	(No symbol) [0x00007FF6D3286D4D]
	(No symbol) [0x00007FF6D3286E1C]
	(No symbol) [0x00007FF6D32CCE37]
	(No symbol) [0x00007FF6D32AABBF]
	(No symbol) [0x00007FF6D32CA224]
	(No symbol) [0x00007FF6D32AA923]
	(No symbol) [0x00007FF6D3278FEC]
	(No symbol) [0x00007FF6D3279C21]
	GetHandleVerifier [0x00007FF6D37041BD+3217949]
	GetHandleVerifier [0x00007FF6D3746157+3488183]
	GetHandleVerifier [0x00007FF6D373F0DF+3459391]
	GetHandleVerifier [0x00007FF6D34BB8E6+823622]
	(No symbol) [0x00007FF6D3385FBF]
	(No symbol) [0x00007FF6D3380EE4]
	(No symbol) [0x00007FF6D3381072]
	(No symbol) [0x00007FF6D33718C4]
	BaseThreadInitThunk [0x00007FFA6CA37374+20]
	RtlUserThreadStart [0x00007FFA6DB1CC91+33]
"
c.1375_1385del,https://cftr2.org/mutation/general/c.1375_1385del,Success
284delA,https://cftr2.org/mutation/general/284delA,Success
2113delA,https://cftr2.org/mutation/general/2113delA,Success
3041delG,https://cftr2.org/mutation/general/3041delG,Success
3396delC,https://cftr2.org/mutation/general/3396delC,Success
3521del14,https://cftr2.org/mutation/general/3521del14,Success
3622insT,https://cftr2.org/mutation/general/3622insT,Success
489delC,https://cftr2.org/mutation/general/489delC,Success
3730A->TCT,https://cftr2.org/mutation/general/3730A-%253ETCT,Success
680delT,https://cftr2.org/mutation/general/680delT,Success
1221delCT,https://cftr2.org/mutation/general/1221delCT,Success
1291delTT,https://cftr2.org/mutation/general/1291delTT,Success
1556delT,https://cftr2.org/mutation/general/1556delT,Success
1576insT,https://cftr2.org/mutation/general/1576insT,Success
1813insC,https://cftr2.org/mutation/general/1813insC,Success
1918delGC,https://cftr2.org/mutation/general/1918delGC,Success
c.1807delG,https://cftr2.org/mutation/general/c.1807delG,Success
1978dupA,https://cftr2.org/mutation/general/1978dupA,Success
2189CT->A,https://cftr2.org/mutation/general/2189CT-%253EA,Success
c.2148delG,https://cftr2.org/mutation/general/c.2148delG,Success
2481-2482insT,https://cftr2.org/mutation/general/2481-2482insT,Success
2708del13,https://cftr2.org/mutation/general/2708del13,Success
156insG,https://cftr2.org/mutation/general/156insG,Success
2837delG,https://cftr2.org/mutation/general/2837delG,Success
2907delTT,https://cftr2.org/mutation/general/2907delTT,Success
3095insT,https://cftr2.org/mutation/general/3095insT,Success
3293delA,https://cftr2.org/mutation/general/3293delA,Success
3359delCTCTG,https://cftr2.org/mutation/general/3359delCTCTG,Success
3532AC->GTA,https://cftr2.org/mutation/general/3532AC-%253EGTA,Success
3747delC,https://cftr2.org/mutation/general/3747delC,Success
4064-4065delinsAATATG,https://cftr2.org/mutation/general/4064-4065delinsAATATG,Success
4108delT,https://cftr2.org/mutation/general/4108delT,Success
4177delG,https://cftr2.org/mutation/general/4177delG,Success
4222delG,https://cftr2.org/mutation/general/4222delG,Success
542del7,https://cftr2.org/mutation/general/542del7,Success
654del5,https://cftr2.org/mutation/general/654del5,Success
675del14,https://cftr2.org/mutation/general/675del14,Success
c.551_555delTTTCC,https://cftr2.org/mutation/general/c.551_555delTTTCC,Success
713delGA,https://cftr2.org/mutation/general/713delGA,Success
c.604_605delTG,https://cftr2.org/mutation/general/c.604_605delTG,Success
840insT,https://cftr2.org/mutation/general/840insT,Success
2655del26,https://cftr2.org/mutation/general/2655del26,Success
4160insG,https://cftr2.org/mutation/general/4160insG,Success
M1L,https://cftr2.org/mutation/general/M1L,Success
1812-1G->C,https://cftr2.org/mutation/general/1812-1G-%253EC,Success
1001+2T->A,https://cftr2.org/mutation/general/1001%252B2T-%253EA,Success
4095+1G->T,https://cftr2.org/mutation/general/4095%252B1G-%253ET,Success
4096-1G->A,https://cftr2.org/mutation/general/4096-1G-%253EA,Success
3041-1G->C,https://cftr2.org/mutation/general/3041-1G-%253EC,Success
3601-1G->C,https://cftr2.org/mutation/general/3601-1G-%253EC,Success
711+2T->C,https://cftr2.org/mutation/general/711%252B2T-%253EC,Success
1001+2T->G,https://cftr2.org/mutation/general/1001%252B2T-%253EG,Success
1716+2delT,https://cftr2.org/mutation/general/1716%252B2delT,Success
3499+2T->A,https://cftr2.org/mutation/general/3499%252B2T-%253EA,Success
3041-1G->A,https://cftr2.org/mutation/general/3041-1G-%253EA,Success
4040dupA,https://cftr2.org/mutation/general/4040dupA,Success
1675_1687del13,https://cftr2.org/mutation/general/1675_1687del13,Success
c.3231_3232delGT,https://cftr2.org/mutation/general/c.3231_3232delGT,Success
3454delG,https://cftr2.org/mutation/general/3454delG,Success
3967delTT,https://cftr2.org/mutation/general/3967delTT,Success
c.40_44delAAACT,https://cftr2.org/mutation/general/c.40_44delAAACT,Success
c.4028delG,https://cftr2.org/mutation/general/c.4028delG,Success
c.1608delA,https://cftr2.org/mutation/general/c.1608delA,Success
c.1708_1712delTTATT,https://cftr2.org/mutation/general/c.1708_1712delTTATT,Success
1857delT,https://cftr2.org/mutation/general/1857delT,Success
c.2357dupA,https://cftr2.org/mutation/general/c.2357dupA,Success
c.324delC,https://cftr2.org/mutation/general/c.324delC,Success
c.3495delG,https://cftr2.org/mutation/general/c.3495delG,Success
538insAC,https://cftr2.org/mutation/general/538insAC,Success
565delC,https://cftr2.org/mutation/general/565delC,Success
624delT,https://cftr2.org/mutation/general/624delT,Success
c.1219delG,https://cftr2.org/mutation/general/c.1219delG,Success
1565delCA,https://cftr2.org/mutation/general/1565delCA,Success
1660delG,https://cftr2.org/mutation/general/1660delG,Success
1845delAG/1846delGA,https://cftr2.org/mutation/general/1845delAG%252F1846delGA,Success
c.1853_1863del,https://cftr2.org/mutation/general/c.1853_1863del,Success
c.2045delC,https://cftr2.org/mutation/general/c.2045delC,Success
2406_2407delinsT,https://cftr2.org/mutation/general/2406_2407delinsT,Success
2466delC,https://cftr2.org/mutation/general/2466delC,Success
2472_2478del7,https://cftr2.org/mutation/general/2472_2478del7,Success
c.2879_2882delCTAT,https://cftr2.org/mutation/general/c.2879_2882delCTAT,Success
c.3180delA,https://cftr2.org/mutation/general/c.3180delA,Success
c.3325delA,https://cftr2.org/mutation/general/c.3325delA,Success
c.3426_3427insGTAA,https://cftr2.org/mutation/general/c.3426_3427insGTAA,Success
4332delTG,https://cftr2.org/mutation/general/4332delTG,Success
c.4delC,https://cftr2.org/mutation/general/c.4delC,Success
954delA,https://cftr2.org/mutation/general/954delA,Success
c.1312dupA,https://cftr2.org/mutation/general/c.1312dupA,Success
c.1573delC,https://cftr2.org/mutation/general/c.1573delC,Success
c.2805_2810delinsTCAGA,https://cftr2.org/mutation/general/c.2805_2810delinsTCAGA,Success
3061insA,https://cftr2.org/mutation/general/3061insA,Success
c.3525_3537del,https://cftr2.org/mutation/general/c.3525_3537del,Success
3750delA,https://cftr2.org/mutation/general/3750delA,Success
3755delG,https://cftr2.org/mutation/general/3755delG,Success
690delC,https://cftr2.org/mutation/general/690delC,Success
L240X,https://cftr2.org/mutation/general/L240X,Success
c.775delinsGCTGGGAAGAT,https://cftr2.org/mutation/general/c.775delinsGCTGGGAAGAT,Success
M1I,https://cftr2.org/mutation/general/M1I,Success
L320X,https://cftr2.org/mutation/general/L320X,Success
K329X,https://cftr2.org/mutation/general/K329X,Success
Q376X,https://cftr2.org/mutation/general/Q376X,Success
Q452X,https://cftr2.org/mutation/general/Q452X,Success
E479X,https://cftr2.org/mutation/general/E479X,Success
E504X,https://cftr2.org/mutation/general/E504X,"Error: Message: 
Stacktrace:
	GetHandleVerifier [0x00007FF6D3401522+60802]
	(No symbol) [0x00007FF6D337AC22]
	(No symbol) [0x00007FF6D3237CE4]
	(No symbol) [0x00007FF6D3286D4D]
	(No symbol) [0x00007FF6D3286E1C]
	(No symbol) [0x00007FF6D32CCE37]
	(No symbol) [0x00007FF6D32AABBF]
	(No symbol) [0x00007FF6D32CA224]
	(No symbol) [0x00007FF6D32AA923]
	(No symbol) [0x00007FF6D3278FEC]
	(No symbol) [0x00007FF6D3279C21]
	GetHandleVerifier [0x00007FF6D37041BD+3217949]
	GetHandleVerifier [0x00007FF6D3746157+3488183]
	GetHandleVerifier [0x00007FF6D373F0DF+3459391]
	GetHandleVerifier [0x00007FF6D34BB8E6+823622]
	(No symbol) [0x00007FF6D3385FBF]
	(No symbol) [0x00007FF6D3380EE4]
	(No symbol) [0x00007FF6D3381072]
	(No symbol) [0x00007FF6D33718C4]
	BaseThreadInitThunk [0x00007FFA6CA37374+20]
	RtlUserThreadStart [0x00007FFA6DB1CC91+33]
"
Y517X,https://cftr2.org/mutation/general/Y517X,Success
E527X,https://cftr2.org/mutation/general/E527X,Success
K14X,https://cftr2.org/mutation/general/K14X,Success
K536X,https://cftr2.org/mutation/general/K536X,Success
R555X,https://cftr2.org/mutation/general/R555X,Success
L570X,https://cftr2.org/mutation/general/L570X,Success
L581X,https://cftr2.org/mutation/general/L581X,Success
S631X,https://cftr2.org/mutation/general/S631X,Success
Q634X,https://cftr2.org/mutation/general/Q634X,Success
R657X,https://cftr2.org/mutation/general/R657X,Success
E692X,https://cftr2.org/mutation/general/E692X,Success
Y38X,https://cftr2.org/mutation/general/Y38X,Success
Q799X,https://cftr2.org/mutation/general/Q799X,Success
L812X,https://cftr2.org/mutation/general/L812X,Success
K52X,https://cftr2.org/mutation/general/K52X,Success
E54X,https://cftr2.org/mutation/general/E54X,Success
K946X,https://cftr2.org/mutation/general/K946X,Success
K951X,https://cftr2.org/mutation/general/K951X,Success
Q996X,https://cftr2.org/mutation/general/Q996X,Success
Q1012X,https://cftr2.org/mutation/general/Q1012X,Success
S1037X,https://cftr2.org/mutation/general/S1037X,Success
Q1038X,https://cftr2.org/mutation/general/Q1038X,Success
E1044X,https://cftr2.org/mutation/general/E1044X,Success
E1046X,https://cftr2.org/mutation/general/E1046X,Success
L1059X,https://cftr2.org/mutation/general/L1059X,Success
Q1100X,https://cftr2.org/mutation/general/Q1100X,Success
K1165X,https://cftr2.org/mutation/general/K1165X,Success
S1178X,https://cftr2.org/mutation/general/S1178X,Success
Q1186X,https://cftr2.org/mutation/general/Q1186X,Success
L1243X,https://cftr2.org/mutation/general/L1243X,Success
L1253X,https://cftr2.org/mutation/general/L1253X,Success
K1351X,https://cftr2.org/mutation/general/K1351X,Success
C1400X,https://cftr2.org/mutation/general/C1400X,Success
E1409X,https://cftr2.org/mutation/general/E1409X,Success
C1410X,https://cftr2.org/mutation/general/C1410X,Success
R104X,https://cftr2.org/mutation/general/R104X,Success
K114X,https://cftr2.org/mutation/general/K114X,Success
L159X,https://cftr2.org/mutation/general/L159X,Success
L165X,https://cftr2.org/mutation/general/L165X,Success
Q237X,https://cftr2.org/mutation/general/Q237X,Success
Y247X,https://cftr2.org/mutation/general/Y247X,Success
Q250X,https://cftr2.org/mutation/general/Q250X,Success
Q270X,https://cftr2.org/mutation/general/Q270X,Success
E279X,https://cftr2.org/mutation/general/E279X,Success
R289X,https://cftr2.org/mutation/general/R289X,Success
CFTRdele13,https://cftr2.org/mutation/general/CFTRdele13,Success
CFTRdele14b,https://cftr2.org/mutation/general/CFTRdele14b,Success
CFTRdele23,https://cftr2.org/mutation/general/CFTRdele23,Success
CFTRdele6b,https://cftr2.org/mutation/general/CFTRdele6b,Success
"CFTRdele1,10",https://cftr2.org/mutation/general/CFTRdele1%252C10,Success
"CFTRdele1,11-24",https://cftr2.org/mutation/general/CFTRdele1%252C11-24,Success
"CFTRdele11-15,17a,17b",https://cftr2.org/mutation/general/CFTRdele11-15%252C17a%252C17b,Success
"CFTRdele12,13,16",https://cftr2.org/mutation/general/CFTRdele12%252C13%252C16,Success
CFTRdele14b-20,https://cftr2.org/mutation/general/CFTRdele14b-20,Success
IVS15+1085_IVS17B+260del7201,https://cftr2.org/mutation/general/IVS15%252B1085_IVS17B%252B260del7201,Success
CFTRdele16-18,https://cftr2.org/mutation/general/CFTRdele16-18,Success
CFTRdele18-24,https://cftr2.org/mutation/general/CFTRdele18-24,Success
CFTRdele19-24,https://cftr2.org/mutation/general/CFTRdele19-24,Success
CFTRdele2-22,https://cftr2.org/mutation/general/CFTRdele2-22,Success
CFTRdele2-7,https://cftr2.org/mutation/general/CFTRdele2-7,Success
CFTRdele2-8,https://cftr2.org/mutation/general/CFTRdele2-8,Success
CFTRdele2-9,https://cftr2.org/mutation/general/CFTRdele2-9,Success
"CFTRdele2,3,10",https://cftr2.org/mutation/general/CFTRdele2%252C3%252C10,Success
CFTRdele20-23,https://cftr2.org/mutation/general/CFTRdele20-23,Success
"CFTRdele23,24",https://cftr2.org/mutation/general/CFTRdele23%252C24,Success
"CFTRdele5,6a",https://cftr2.org/mutation/general/CFTRdele5%252C6a,Success
"CFTRdele7,8",https://cftr2.org/mutation/general/CFTRdele7%252C8,Success
CFTRdelePr-9,https://cftr2.org/mutation/general/CFTRdelePr-9,Success
CFTRdup1,https://cftr2.org/mutation/general/CFTRdup1,Success
CFTRdup14a-19,https://cftr2.org/mutation/general/CFTRdup14a-19,Success
CFTRdup14b-17b,https://cftr2.org/mutation/general/CFTRdup14b-17b,Success
CFTRdup16-18,https://cftr2.org/mutation/general/CFTRdup16-18,Success
CFTRdup16-20,https://cftr2.org/mutation/general/CFTRdup16-20,Success
CFTRdup16-22,https://cftr2.org/mutation/general/CFTRdup16-22,Success
CFTRdup2-4,https://cftr2.org/mutation/general/CFTRdup2-4,Success
"CFTRdup22,23",https://cftr2.org/mutation/general/CFTRdup22%252C23,Success
CFTRdup4-19,https://cftr2.org/mutation/general/CFTRdup4-19,Success
CFTRdup4-8,https://cftr2.org/mutation/general/CFTRdup4-8,Success
"CFTRdup6a,6b",https://cftr2.org/mutation/general/CFTRdup6a%252C6b,Success
3413_3499+268del355PBins6PB,https://cftr2.org/mutation/general/3413_3499%252B268del355PBins6PB,Success
3499+1G->T,https://cftr2.org/mutation/general/3499%252B1G-%253ET,Success
4095+1G->C,https://cftr2.org/mutation/general/4095%252B1G-%253EC,Success
1248insATCAA,https://cftr2.org/mutation/general/1248insATCAA,Success
1341+1G->C,https://cftr2.org/mutation/general/1341%252B1G-%253EC,Success
1341+2T->G,https://cftr2.org/mutation/general/1341%252B2T-%253EG,Success
1342-1G->T,https://cftr2.org/mutation/general/1342-1G-%253ET,Success
1524+1delG,https://cftr2.org/mutation/general/1524%252B1delG,Success
1898+2delT,https://cftr2.org/mutation/general/1898%252B2delT,Success
2751+2T->A,https://cftr2.org/mutation/general/2751%252B2T-%253EA,Success
2752-1G->T,https://cftr2.org/mutation/general/2752-1G-%253ET,Success
406-2A->C,https://cftr2.org/mutation/general/406-2A-%253EC,Success
3121-2A->T,https://cftr2.org/mutation/general/3121-2A-%253ET,Success
3499+2T->C,https://cftr2.org/mutation/general/3499%252B2T-%253EC,Success
3500-1G->A,https://cftr2.org/mutation/general/3500-1G-%253EA,Success
4095+1G->A,https://cftr2.org/mutation/general/4095%252B1G-%253EA,Success
622-2A->C,https://cftr2.org/mutation/general/622-2A-%253EC,Success
186-2A->G,https://cftr2.org/mutation/general/186-2A-%253EG,Success
2623-2A->G,https://cftr2.org/mutation/general/2623-2A-%253EG,Success
3121-1G->T,https://cftr2.org/mutation/general/3121-1G-%253ET,Success
3121-2A->C,https://cftr2.org/mutation/general/3121-2A-%253EC,Success
3601-1G->A,https://cftr2.org/mutation/general/3601-1G-%253EA,Success
2104insA,https://cftr2.org/mutation/general/2104insA,Success
2215delG,https://cftr2.org/mutation/general/2215delG,Success
2640delT,https://cftr2.org/mutation/general/2640delT,"Error: Message: 
Stacktrace:
	GetHandleVerifier [0x00007FF6D3401522+60802]
	(No symbol) [0x00007FF6D337AC22]
	(No symbol) [0x00007FF6D3237CE4]
	(No symbol) [0x00007FF6D3286D4D]
	(No symbol) [0x00007FF6D3286E1C]
	(No symbol) [0x00007FF6D32CCE37]
	(No symbol) [0x00007FF6D32AABBF]
	(No symbol) [0x00007FF6D32CA224]
	(No symbol) [0x00007FF6D32AA923]
	(No symbol) [0x00007FF6D3278FEC]
	(No symbol) [0x00007FF6D3279C21]
	GetHandleVerifier [0x00007FF6D37041BD+3217949]
	GetHandleVerifier [0x00007FF6D3746157+3488183]
	GetHandleVerifier [0x00007FF6D373F0DF+3459391]
	GetHandleVerifier [0x00007FF6D34BB8E6+823622]
	(No symbol) [0x00007FF6D3385FBF]
	(No symbol) [0x00007FF6D3380EE4]
	(No symbol) [0x00007FF6D3381072]
	(No symbol) [0x00007FF6D33718C4]
	BaseThreadInitThunk [0x00007FFA6CA37374+20]
	RtlUserThreadStart [0x00007FFA6DB1CC91+33]
"
1157insTA,https://cftr2.org/mutation/general/1157insTA,Success
1249insA,https://cftr2.org/mutation/general/1249insA,Success
241delAT,https://cftr2.org/mutation/general/241delAT,Success
1262delA,https://cftr2.org/mutation/general/1262delA,Success
1288insA,https://cftr2.org/mutation/general/1288insA,Success
1294del7,https://cftr2.org/mutation/general/1294del7,Success
1380insT,https://cftr2.org/mutation/general/1380insT,Success
1498delG,https://cftr2.org/mutation/general/1498delG,Success
1571delG,https://cftr2.org/mutation/general/1571delG,Success
1749insTA,https://cftr2.org/mutation/general/1749insTA,Success
1806delA,https://cftr2.org/mutation/general/1806delA,Success
1874_1875insTT,https://cftr2.org/mutation/general/1874_1875insTT,Success
1932delG,https://cftr2.org/mutation/general/1932delG,Success
1942del17,https://cftr2.org/mutation/general/1942del17,Success
1978delA,https://cftr2.org/mutation/general/1978delA,Success
317insC,https://cftr2.org/mutation/general/317insC,Success
2005delTA,https://cftr2.org/mutation/general/2005delTA,Success
2109-2118del10,https://cftr2.org/mutation/general/2109-2118del10,Success
2118del14,https://cftr2.org/mutation/general/2118del14,Success
2132delAC,https://cftr2.org/mutation/general/2132delAC,Success
2175insA,https://cftr2.org/mutation/general/2175insA,Success
2409delC,https://cftr2.org/mutation/general/2409delC,Success
2435insC,https://cftr2.org/mutation/general/2435insC,Success
2456delAC,https://cftr2.org/mutation/general/2456delAC,Success
2512delG,https://cftr2.org/mutation/general/2512delG,Success
2586-2687insT,https://cftr2.org/mutation/general/2586-2687insT,Success
2747delC,https://cftr2.org/mutation/general/2747delC,Success
c.2732_2733insA,https://cftr2.org/mutation/general/c.2732_2733insA,Success
c.2733insA,https://cftr2.org/mutation/general/c.2733insA,Success
2935del11,https://cftr2.org/mutation/general/2935del11,Success
2948delA,https://cftr2.org/mutation/general/2948delA,Success
2951insA,https://cftr2.org/mutation/general/2951insA,Success
415insA,https://cftr2.org/mutation/general/415insA,Success
3011delC,https://cftr2.org/mutation/general/3011delC,Success
3015_3018dupGTCA,https://cftr2.org/mutation/general/3015_3018dupGTCA,Success
3029delC,https://cftr2.org/mutation/general/3029delC,Success
3031-3032delinsA,https://cftr2.org/mutation/general/3031-3032delinsA,Success
3213-3214insT,https://cftr2.org/mutation/general/3213-3214insT,Success
3238delA,https://cftr2.org/mutation/general/3238delA,Success
3422del16,https://cftr2.org/mutation/general/3422del16,Success
3425delG,https://cftr2.org/mutation/general/3425delG,Success
3447delG,https://cftr2.org/mutation/general/3447delG,Success
3516del5,https://cftr2.org/mutation/general/3516del5,Success
3556insAGTA,https://cftr2.org/mutation/general/3556insAGTA,Success
c.3539_3554del,https://cftr2.org/mutation/general/c.3539_3554del,Success
3731-3732AA->G,https://cftr2.org/mutation/general/3731-3732AA-%253EG,Success
3755dupG,https://cftr2.org/mutation/general/3755dupG,Success
3789insA,https://cftr2.org/mutation/general/3789insA,Success
499dupC,https://cftr2.org/mutation/general/499dupC,Success
3856delC,https://cftr2.org/mutation/general/3856delC,Success
3886insA,https://cftr2.org/mutation/general/3886insA,Success
3889dupT,https://cftr2.org/mutation/general/3889dupT,Success
3898insC,https://cftr2.org/mutation/general/3898insC,Success
3905delT,https://cftr2.org/mutation/general/3905delT,Success
3959delC,https://cftr2.org/mutation/general/3959delC,Success
3960-3961delA,https://cftr2.org/mutation/general/3960-3961delA,Success
4089delA,https://cftr2.org/mutation/general/4089delA,Success
4165delGT,https://cftr2.org/mutation/general/4165delGT,Success
4197_4198delCT,https://cftr2.org/mutation/general/4197_4198delCT,Success
4203TAG->AA,https://cftr2.org/mutation/general/4203TAG-%253EAA,Success
582insG,https://cftr2.org/mutation/general/582insG,Success
605insT,https://cftr2.org/mutation/general/605insT,Success
746insC,https://cftr2.org/mutation/general/746insC,Success
905delG,https://cftr2.org/mutation/general/905delG,Success
1037insA,https://cftr2.org/mutation/general/1037insA,Success
1040del4,https://cftr2.org/mutation/general/1040del4,Success
c.982delA,https://cftr2.org/mutation/general/c.982delA,Success
1185delTC,https://cftr2.org/mutation/general/1185delTC,Success
308insA,https://cftr2.org/mutation/general/308insA,"Error: Message: 
Stacktrace:
	GetHandleVerifier [0x00007FF6D3401522+60802]
	(No symbol) [0x00007FF6D337AC22]
	(No symbol) [0x00007FF6D3237CE4]
	(No symbol) [0x00007FF6D3286D4D]
	(No symbol) [0x00007FF6D3286E1C]
	(No symbol) [0x00007FF6D32CCE37]
	(No symbol) [0x00007FF6D32AABBF]
	(No symbol) [0x00007FF6D32CA224]
	(No symbol) [0x00007FF6D32AA923]
	(No symbol) [0x00007FF6D3278FEC]
	(No symbol) [0x00007FF6D3279C21]
	GetHandleVerifier [0x00007FF6D37041BD+3217949]
	GetHandleVerifier [0x00007FF6D3746157+3488183]
	GetHandleVerifier [0x00007FF6D373F0DF+3459391]
	GetHandleVerifier [0x00007FF6D34BB8E6+823622]
	(No symbol) [0x00007FF6D3385FBF]
	(No symbol) [0x00007FF6D3380EE4]
	(No symbol) [0x00007FF6D3381072]
	(No symbol) [0x00007FF6D33718C4]
	BaseThreadInitThunk [0x00007FFA6CA37374+20]
	RtlUserThreadStart [0x00007FFA6DB1CC91+33]
"
2222delG,https://cftr2.org/mutation/general/2222delG,Success
c.2489_2490insA,https://cftr2.org/mutation/general/c.2489_2490insA,Success
2694delT,https://cftr2.org/mutation/general/2694delT,Success
2777insTG,https://cftr2.org/mutation/general/2777insTG,Success
2909delT,https://cftr2.org/mutation/general/2909delT,Success
3139delG,https://cftr2.org/mutation/general/3139delG,Success
3456delC,https://cftr2.org/mutation/general/3456delC,"Error: Message: 
Stacktrace:
	GetHandleVerifier [0x00007FF6D3401522+60802]
	(No symbol) [0x00007FF6D337AC22]
	(No symbol) [0x00007FF6D3237CE4]
	(No symbol) [0x00007FF6D3286D4D]
	(No symbol) [0x00007FF6D3286E1C]
	(No symbol) [0x00007FF6D32CCE37]
	(No symbol) [0x00007FF6D32AABBF]
	(No symbol) [0x00007FF6D32CA224]
	(No symbol) [0x00007FF6D32AA923]
	(No symbol) [0x00007FF6D3278FEC]
	(No symbol) [0x00007FF6D3279C21]
	GetHandleVerifier [0x00007FF6D37041BD+3217949]
	GetHandleVerifier [0x00007FF6D3746157+3488183]
	GetHandleVerifier [0x00007FF6D373F0DF+3459391]
	GetHandleVerifier [0x00007FF6D34BB8E6+823622]
	(No symbol) [0x00007FF6D3385FBF]
	(No symbol) [0x00007FF6D3380EE4]
	(No symbol) [0x00007FF6D3381072]
	(No symbol) [0x00007FF6D33718C4]
	BaseThreadInitThunk [0x00007FFA6CA37374+20]
	RtlUserThreadStart [0x00007FFA6DB1CC91+33]
"
3629delT,https://cftr2.org/mutation/general/3629delT,"Error: Message: 
Stacktrace:
	GetHandleVerifier [0x00007FF6D3401522+60802]
	(No symbol) [0x00007FF6D337AC22]
	(No symbol) [0x00007FF6D3237CE4]
	(No symbol) [0x00007FF6D3286D4D]
	(No symbol) [0x00007FF6D3286E1C]
	(No symbol) [0x00007FF6D32CCE37]
	(No symbol) [0x00007FF6D32AABBF]
	(No symbol) [0x00007FF6D32CA224]
	(No symbol) [0x00007FF6D32AA923]
	(No symbol) [0x00007FF6D3278FEC]
	(No symbol) [0x00007FF6D3279C21]
	GetHandleVerifier [0x00007FF6D37041BD+3217949]
	GetHandleVerifier [0x00007FF6D3746157+3488183]
	GetHandleVerifier [0x00007FF6D373F0DF+3459391]
	GetHandleVerifier [0x00007FF6D34BB8E6+823622]
	(No symbol) [0x00007FF6D3385FBF]
	(No symbol) [0x00007FF6D3380EE4]
	(No symbol) [0x00007FF6D3381072]
	(No symbol) [0x00007FF6D33718C4]
	BaseThreadInitThunk [0x00007FFA6CA37374+20]
	RtlUserThreadStart [0x00007FFA6DB1CC91+33]
"
3724delG,https://cftr2.org/mutation/general/3724delG,"Error: Message: 
Stacktrace:
	GetHandleVerifier [0x00007FF6D3401522+60802]
	(No symbol) [0x00007FF6D337AC22]
	(No symbol) [0x00007FF6D3237CE4]
	(No symbol) [0x00007FF6D3286D4D]
	(No symbol) [0x00007FF6D3286E1C]
	(No symbol) [0x00007FF6D32CCE37]
	(No symbol) [0x00007FF6D32AABBF]
	(No symbol) [0x00007FF6D32CA224]
	(No symbol) [0x00007FF6D32AA923]
	(No symbol) [0x00007FF6D3278FEC]
	(No symbol) [0x00007FF6D3279C21]
	GetHandleVerifier [0x00007FF6D37041BD+3217949]
	GetHandleVerifier [0x00007FF6D3746157+3488183]
	GetHandleVerifier [0x00007FF6D373F0DF+3459391]
	GetHandleVerifier [0x00007FF6D34BB8E6+823622]
	(No symbol) [0x00007FF6D3385FBF]
	(No symbol) [0x00007FF6D3380EE4]
	(No symbol) [0x00007FF6D3381072]
	(No symbol) [0x00007FF6D33718C4]
	BaseThreadInitThunk [0x00007FFA6CA37374+20]
	RtlUserThreadStart [0x00007FFA6DB1CC91+33]
"
3840delT,https://cftr2.org/mutation/general/3840delT,Success
4006delA,https://cftr2.org/mutation/general/4006delA,"Error: Message: 
Stacktrace:
	GetHandleVerifier [0x00007FF6D3401522+60802]
	(No symbol) [0x00007FF6D337AC22]
	(No symbol) [0x00007FF6D3237CE4]
	(No symbol) [0x00007FF6D3286D4D]
	(No symbol) [0x00007FF6D3286E1C]
	(No symbol) [0x00007FF6D32CCE37]
	(No symbol) [0x00007FF6D32AABBF]
	(No symbol) [0x00007FF6D32CA224]
	(No symbol) [0x00007FF6D32AA923]
	(No symbol) [0x00007FF6D3278FEC]
	(No symbol) [0x00007FF6D3279C21]
	GetHandleVerifier [0x00007FF6D37041BD+3217949]
	GetHandleVerifier [0x00007FF6D3746157+3488183]
	GetHandleVerifier [0x00007FF6D373F0DF+3459391]
	GetHandleVerifier [0x00007FF6D34BB8E6+823622]
	(No symbol) [0x00007FF6D3385FBF]
	(No symbol) [0x00007FF6D3380EE4]
	(No symbol) [0x00007FF6D3381072]
	(No symbol) [0x00007FF6D33718C4]
	BaseThreadInitThunk [0x00007FFA6CA37374+20]
	RtlUserThreadStart [0x00007FFA6DB1CC91+33]
"
519delT,https://cftr2.org/mutation/general/519delT,"Error: Message: 
Stacktrace:
	GetHandleVerifier [0x00007FF6D3401522+60802]
	(No symbol) [0x00007FF6D337AC22]
	(No symbol) [0x00007FF6D3237CE4]
	(No symbol) [0x00007FF6D3286D4D]
	(No symbol) [0x00007FF6D3286E1C]
	(No symbol) [0x00007FF6D32CCE37]
	(No symbol) [0x00007FF6D32AABBF]
	(No symbol) [0x00007FF6D32CA224]
	(No symbol) [0x00007FF6D32AA923]
	(No symbol) [0x00007FF6D3278FEC]
	(No symbol) [0x00007FF6D3279C21]
	GetHandleVerifier [0x00007FF6D37041BD+3217949]
	GetHandleVerifier [0x00007FF6D3746157+3488183]
	GetHandleVerifier [0x00007FF6D373F0DF+3459391]
	GetHandleVerifier [0x00007FF6D34BB8E6+823622]
	(No symbol) [0x00007FF6D3385FBF]
	(No symbol) [0x00007FF6D3380EE4]
	(No symbol) [0x00007FF6D3381072]
	(No symbol) [0x00007FF6D33718C4]
	BaseThreadInitThunk [0x00007FFA6CA37374+20]
	RtlUserThreadStart [0x00007FFA6DB1CC91+33]
"
4172delGC,https://cftr2.org/mutation/general/4172delGC,Success
936delTA,https://cftr2.org/mutation/general/936delTA,"Error: Message: 
Stacktrace:
	GetHandleVerifier [0x00007FF6D3401522+60802]
	(No symbol) [0x00007FF6D337AC22]
	(No symbol) [0x00007FF6D3237CE4]
	(No symbol) [0x00007FF6D3286D4D]
	(No symbol) [0x00007FF6D3286E1C]
	(No symbol) [0x00007FF6D32CCE37]
	(No symbol) [0x00007FF6D32AABBF]
	(No symbol) [0x00007FF6D32CA224]
	(No symbol) [0x00007FF6D32AA923]
	(No symbol) [0x00007FF6D3278FEC]
	(No symbol) [0x00007FF6D3279C21]
	GetHandleVerifier [0x00007FF6D37041BD+3217949]
	GetHandleVerifier [0x00007FF6D3746157+3488183]
	GetHandleVerifier [0x00007FF6D373F0DF+3459391]
	GetHandleVerifier [0x00007FF6D34BB8E6+823622]
	(No symbol) [0x00007FF6D3385FBF]
	(No symbol) [0x00007FF6D3380EE4]
	(No symbol) [0x00007FF6D3381072]
	(No symbol) [0x00007FF6D33718C4]
	BaseThreadInitThunk [0x00007FFA6CA37374+20]
	RtlUserThreadStart [0x00007FFA6DB1CC91+33]
"
218insA,https://cftr2.org/mutation/general/218insA,Success
1491-1500del,https://cftr2.org/mutation/general/1491-1500del,Success
4301delA,https://cftr2.org/mutation/general/4301delA,Success
749delT,https://cftr2.org/mutation/general/749delT,Success
c.234delC,https://cftr2.org/mutation/general/c.234delC,Success
4048insCC,https://cftr2.org/mutation/general/4048insCC,Success
T388X,https://cftr2.org/mutation/general/T388X,Success
K716X,https://cftr2.org/mutation/general/K716X,Success
2787del16,https://cftr2.org/mutation/general/2787del16,Success
c.2982_2988+2delCATCCAGGT,https://cftr2.org/mutation/general/c.2982_2988%252B2delCATCCAGGT,Success
M1K,https://cftr2.org/mutation/general/M1K,Success
3165dupA,https://cftr2.org/mutation/general/3165dupA,Success
3271+1G->T,https://cftr2.org/mutation/general/3271%252B1G-%253ET,Success
1248+1G->T,https://cftr2.org/mutation/general/1248%252B1G-%253ET,Success
1248+2T->C,https://cftr2.org/mutation/general/1248%252B2T-%253EC,Success
3500-2A->T,https://cftr2.org/mutation/general/3500-2A-%253ET,Success
3040+1G->T,https://cftr2.org/mutation/general/3040%252B1G-%253ET,Success
1248+2T->A,https://cftr2.org/mutation/general/1248%252B2T-%253EA,Success
1341+2T->A,https://cftr2.org/mutation/general/1341%252B2T-%253EA,Success
1342-1G->A,https://cftr2.org/mutation/general/1342-1G-%253EA,Success
1525-1G->C,https://cftr2.org/mutation/general/1525-1G-%253EC,Success
1525-1G->T,https://cftr2.org/mutation/general/1525-1G-%253ET,Success
1716+1G->T,https://cftr2.org/mutation/general/1716%252B1G-%253ET,Success
296+2T->A,https://cftr2.org/mutation/general/296%252B2T-%253EA,Success
1899-1G->A,https://cftr2.org/mutation/general/1899-1G-%253EA,Success
1898-2A->G,https://cftr2.org/mutation/general/1898-2A-%253EG,Success
2623-1G->C,https://cftr2.org/mutation/general/2623-1G-%253EC,Success
2751+1G->A,https://cftr2.org/mutation/general/2751%252B1G-%253EA,Success
2790-1G->T,https://cftr2.org/mutation/general/2790-1G-%253ET,Success
3120+1G->C,https://cftr2.org/mutation/general/3120%252B1G-%253EC,Success
3271+1G->C,https://cftr2.org/mutation/general/3271%252B1G-%253EC,Success
3601-1G->T,https://cftr2.org/mutation/general/3601-1G-%253ET,Success
3601-2A->C,https://cftr2.org/mutation/general/3601-2A-%253EC,Success
4006-2A->G,https://cftr2.org/mutation/general/4006-2A-%253EG,Success
4268+2T->G,https://cftr2.org/mutation/general/4268%252B2T-%253EG,Success
622-1G->T,https://cftr2.org/mutation/general/622-1G-%253ET,Success
875+2T->A,https://cftr2.org/mutation/general/875%252B2T-%253EA,Success
1002-2A->C,https://cftr2.org/mutation/general/1002-2A-%253EC,Success
4005+1G->T,https://cftr2.org/mutation/general/4005%252B1G-%253ET,Success
1342-2delAG,https://cftr2.org/mutation/general/1342-2delAG,Success
2003del8,https://cftr2.org/mutation/general/2003del8,Success
2036delA,https://cftr2.org/mutation/general/2036delA,Success
2967delG,https://cftr2.org/mutation/general/2967delG,Success
c.3893delG,https://cftr2.org/mutation/general/c.3893delG,Success
c.3380_3383del,https://cftr2.org/mutation/general/c.3380_3383del,Success
1200_1219del20,https://cftr2.org/mutation/general/1200_1219del20,Success
1204_1205delGT,https://cftr2.org/mutation/general/1204_1205delGT,Success
1212delA,https://cftr2.org/mutation/general/1212delA,Success
c.1115delA,https://cftr2.org/mutation/general/c.1115delA,Success
c.1190dupT,https://cftr2.org/mutation/general/c.1190dupT,Success
1340delA,https://cftr2.org/mutation/general/1340delA,Success
c.1244delA,https://cftr2.org/mutation/general/c.1244delA,Success
c.1262delC,https://cftr2.org/mutation/general/c.1262delC,Success
c.147_150delATCT,https://cftr2.org/mutation/general/c.147_150delATCT,Success
c.1486delT,https://cftr2.org/mutation/general/c.1486delT,Success
c.1547_1548delGA,https://cftr2.org/mutation/general/c.1547_1548delGA,Success
c.1581dupA,https://cftr2.org/mutation/general/c.1581dupA,Success
1759delG,https://cftr2.org/mutation/general/1759delG,Success
1784delG,https://cftr2.org/mutation/general/1784delG,Success
1807delG,https://cftr2.org/mutation/general/1807delG,Success
c.1725_1727delinsAT,https://cftr2.org/mutation/general/c.1725_1727delinsAT,Success
1870delG,https://cftr2.org/mutation/general/1870delG,Success
305insT,https://cftr2.org/mutation/general/305insT,Success
c.1753delG,https://cftr2.org/mutation/general/c.1753delG,Success
2025dupA,https://cftr2.org/mutation/general/2025dupA,Success
c.1894_1895del,https://cftr2.org/mutation/general/c.1894_1895del,Success
c.1970delG,https://cftr2.org/mutation/general/c.1970delG,Success
c.2032_2033delTC,https://cftr2.org/mutation/general/c.2032_2033delTC,Success
2184del4,https://cftr2.org/mutation/general/2184del4,Success
c.2053delC,https://cftr2.org/mutation/general/c.2053delC,Success
2193ins4,https://cftr2.org/mutation/general/2193ins4,Success
2290del16,https://cftr2.org/mutation/general/2290del16,Success
c.2250delT,https://cftr2.org/mutation/general/c.2250delT,Success
2429delG,https://cftr2.org/mutation/general/2429delG,Success
2510delAA,https://cftr2.org/mutation/general/2510delAA,Success
c.2433_2437delinsATA,https://cftr2.org/mutation/general/c.2433_2437delinsATA,Success
c.243delT,https://cftr2.org/mutation/general/c.243delT,Success
c.2467_2470delGAAA,https://cftr2.org/mutation/general/c.2467_2470delGAAA,Success
379-381insT,https://cftr2.org/mutation/general/379-381insT,Success
c.2493delG,https://cftr2.org/mutation/general/c.2493delG,Success
2672delA,https://cftr2.org/mutation/general/2672delA,Success
c.2573delG,https://cftr2.org/mutation/general/c.2573delG,Success
2737delA,https://cftr2.org/mutation/general/2737delA,Success
c.2745_2746delGT,https://cftr2.org/mutation/general/c.2745_2746delGT,Success
c.2818_2831del,https://cftr2.org/mutation/general/c.2818_2831del,Success
c.2839delA,https://cftr2.org/mutation/general/c.2839delA,Success
2975delT,https://cftr2.org/mutation/general/2975delT,Success
c.2909_2924dup16,https://cftr2.org/mutation/general/c.2909_2924dup16,Success
3090del4,https://cftr2.org/mutation/general/3090del4,Success
3126delA,https://cftr2.org/mutation/general/3126delA,Success
3152delT,https://cftr2.org/mutation/general/3152delT,Success
Q1042TfsX5,https://cftr2.org/mutation/general/Q1042TfsX5,Success
3359delC,https://cftr2.org/mutation/general/3359delC,Success
458delAT,https://cftr2.org/mutation/general/458delAT,Success
3453delT,https://cftr2.org/mutation/general/3453delT,Success
c.3321dup,https://cftr2.org/mutation/general/c.3321dup,Success
c.3322_3323delGT,https://cftr2.org/mutation/general/c.3322_3323delGT,Success
c.3344_3345insA,https://cftr2.org/mutation/general/c.3344_3345insA,Success
c.3411_3414delGAAT,https://cftr2.org/mutation/general/c.3411_3414delGAAT,Success
3613AGCCGA->GG,https://cftr2.org/mutation/general/3613AGCCGA-%253EGG,Success
c.3524delC,https://cftr2.org/mutation/general/c.3524delC,Success
c.353delC,https://cftr2.org/mutation/general/c.353delC,Success
3695delC,https://cftr2.org/mutation/general/3695delC,Success
c.3569_3570delTT,https://cftr2.org/mutation/general/c.3569_3570delTT,Success
3847delA,https://cftr2.org/mutation/general/3847delA,Success
3892delTT,https://cftr2.org/mutation/general/3892delTT,Success
c.381_382dup,https://cftr2.org/mutation/general/c.381_382dup,Success
c.3889delT,https://cftr2.org/mutation/general/c.3889delT,Success
526_527delAT,https://cftr2.org/mutation/general/526_527delAT,Success
4089ins4,https://cftr2.org/mutation/general/4089ins4,Success
4120delCA,https://cftr2.org/mutation/general/4120delCA,Success
c.3999delG,https://cftr2.org/mutation/general/c.3999delG,Success
c.4036dupC,https://cftr2.org/mutation/general/c.4036dupC,Success
4168delCTAAG,https://cftr2.org/mutation/general/4168delCTAAG,Success
c.4078delG,https://cftr2.org/mutation/general/c.4078delG,Success
4237-4242delinsAGAA,https://cftr2.org/mutation/general/4237-4242delinsAGAA,Success
c.4163_4167delTAAAA,https://cftr2.org/mutation/general/c.4163_4167delTAAAA,Success
c.43dupC,https://cftr2.org/mutation/general/c.43dupC,Success
c.450delG,https://cftr2.org/mutation/general/c.450delG,Success
583delC,https://cftr2.org/mutation/general/583delC,Success
c.560delA,https://cftr2.org/mutation/general/c.560delA,Success
708delT,https://cftr2.org/mutation/general/708delT,Success
c.650_659del,https://cftr2.org/mutation/general/c.650_659del,Success
c.71_72delTGinsA,https://cftr2.org/mutation/general/c.71_72delTGinsA,Success
845_846insA,https://cftr2.org/mutation/general/845_846insA,Success
c.811delT,https://cftr2.org/mutation/general/c.811delT,Success
c.865_869delAGACA,https://cftr2.org/mutation/general/c.865_869delAGACA,Success
c.912delCinsGG,https://cftr2.org/mutation/general/c.912delCinsGG,Success
c.937_938delTC,https://cftr2.org/mutation/general/c.937_938delTC,Success
c.942delG,https://cftr2.org/mutation/general/c.942delG,Success
c.972delC,https://cftr2.org/mutation/general/c.972delC,Success
c.991_995del,https://cftr2.org/mutation/general/c.991_995del,Success
c.3678delA,https://cftr2.org/mutation/general/c.3678delA,Success
c.1530_1531delTT,https://cftr2.org/mutation/general/c.1530_1531delTT,Success
c.2538delG,https://cftr2.org/mutation/general/c.2538delG,Success
3089insTC,https://cftr2.org/mutation/general/3089insTC,Success
1474delA,https://cftr2.org/mutation/general/1474delA,Success
1784insATCAT,https://cftr2.org/mutation/general/1784insATCAT,Success
2114delT,https://cftr2.org/mutation/general/2114delT,Success
c.2337delA,https://cftr2.org/mutation/general/c.2337delA,Success
c.2341delC,https://cftr2.org/mutation/general/c.2341delC,Success
c.264_268delATATT,https://cftr2.org/mutation/general/c.264_268delATATT,Success
c.2789delG,https://cftr2.org/mutation/general/c.2789delG,Success
3012delT,https://cftr2.org/mutation/general/3012delT,Success
c.3199delG,https://cftr2.org/mutation/general/c.3199delG,Success
c.3635delT,https://cftr2.org/mutation/general/c.3635delT,Success
547insTA,https://cftr2.org/mutation/general/547insTA,"Error: Message: 
Stacktrace:
	GetHandleVerifier [0x00007FF6D3401522+60802]
	(No symbol) [0x00007FF6D337AC22]
	(No symbol) [0x00007FF6D3237CE4]
	(No symbol) [0x00007FF6D3286D4D]
	(No symbol) [0x00007FF6D3286E1C]
	(No symbol) [0x00007FF6D32CCE37]
	(No symbol) [0x00007FF6D32AABBF]
	(No symbol) [0x00007FF6D32CA224]
	(No symbol) [0x00007FF6D32AA923]
	(No symbol) [0x00007FF6D3278FEC]
	(No symbol) [0x00007FF6D3279C21]
	GetHandleVerifier [0x00007FF6D37041BD+3217949]
	GetHandleVerifier [0x00007FF6D3746157+3488183]
	GetHandleVerifier [0x00007FF6D373F0DF+3459391]
	GetHandleVerifier [0x00007FF6D34BB8E6+823622]
	(No symbol) [0x00007FF6D3385FBF]
	(No symbol) [0x00007FF6D3380EE4]
	(No symbol) [0x00007FF6D3381072]
	(No symbol) [0x00007FF6D33718C4]
	BaseThreadInitThunk [0x00007FFA6CA37374+20]
	RtlUserThreadStart [0x00007FFA6DB1CC91+33]
"
c.4187delC,https://cftr2.org/mutation/general/c.4187delC,Success
c.583delC,https://cftr2.org/mutation/general/c.583delC,"Error: Message: 
Stacktrace:
	GetHandleVerifier [0x00007FF6D3401522+60802]
	(No symbol) [0x00007FF6D337AC22]
	(No symbol) [0x00007FF6D3237CE4]
	(No symbol) [0x00007FF6D3286D4D]
	(No symbol) [0x00007FF6D3286E1C]
	(No symbol) [0x00007FF6D32CCE37]
	(No symbol) [0x00007FF6D32AABBF]
	(No symbol) [0x00007FF6D32CA224]
	(No symbol) [0x00007FF6D32AA923]
	(No symbol) [0x00007FF6D3278FEC]
	(No symbol) [0x00007FF6D3279C21]
	GetHandleVerifier [0x00007FF6D37041BD+3217949]
	GetHandleVerifier [0x00007FF6D3746157+3488183]
	GetHandleVerifier [0x00007FF6D373F0DF+3459391]
	GetHandleVerifier [0x00007FF6D34BB8E6+823622]
	(No symbol) [0x00007FF6D3385FBF]
	(No symbol) [0x00007FF6D3380EE4]
	(No symbol) [0x00007FF6D3381072]
	(No symbol) [0x00007FF6D33718C4]
	BaseThreadInitThunk [0x00007FFA6CA37374+20]
	RtlUserThreadStart [0x00007FFA6DB1CC91+33]
"
c.88_89delCA,https://cftr2.org/mutation/general/c.88_89delCA,Success
1027delG,https://cftr2.org/mutation/general/1027delG,"Error: Message: 
Stacktrace:
	GetHandleVerifier [0x00007FF6D3401522+60802]
	(No symbol) [0x00007FF6D337AC22]
	(No symbol) [0x00007FF6D3237CE4]
	(No symbol) [0x00007FF6D3286D4D]
	(No symbol) [0x00007FF6D3286E1C]
	(No symbol) [0x00007FF6D32CCE37]
	(No symbol) [0x00007FF6D32AABBF]
	(No symbol) [0x00007FF6D32CA224]
	(No symbol) [0x00007FF6D32AA923]
	(No symbol) [0x00007FF6D3278FEC]
	(No symbol) [0x00007FF6D3279C21]
	GetHandleVerifier [0x00007FF6D37041BD+3217949]
	GetHandleVerifier [0x00007FF6D3746157+3488183]
	GetHandleVerifier [0x00007FF6D373F0DF+3459391]
	GetHandleVerifier [0x00007FF6D34BB8E6+823622]
	(No symbol) [0x00007FF6D3385FBF]
	(No symbol) [0x00007FF6D3380EE4]
	(No symbol) [0x00007FF6D3381072]
	(No symbol) [0x00007FF6D33718C4]
	BaseThreadInitThunk [0x00007FFA6CA37374+20]
	RtlUserThreadStart [0x00007FFA6DB1CC91+33]
"
S531X,https://cftr2.org/mutation/general/S531X,Success
994del9,https://cftr2.org/mutation/general/994del9,Success
1710del17bp,https://cftr2.org/mutation/general/1710del17bp,Success
875insTACA,https://cftr2.org/mutation/general/875insTACA,Success
M1R,https://cftr2.org/mutation/general/M1R,Success
405+7982del18652,https://cftr2.org/mutation/general/405%252B7982del18652,Success
1419delC,https://cftr2.org/mutation/general/1419delC,Success
IVS11-1G->C,https://cftr2.org/mutation/general/IVS11-1G-%253EC,CFTR2 Error Page
c.3033dup,https://cftr2.org/mutation/general/c.3033dup,Success
c.3407_3422del16,https://cftr2.org/mutation/general/c.3407_3422del16,CFTR2 Error Page
3407_3422del16,https://cftr2.org/mutation/general/3407_3422del16,CFTR2 Error Page
CFTRdelePr-1,https://cftr2.org/mutation/general/CFTRdelePr-1,CFTR2 Error Page
3121-977_3499+248del2515,https://cftr2.org/mutation/general/3121-977_3499%252B248del2515,CFTR2 Error Page
IVSI-5842_IVS4+401del,https://cftr2.org/mutation/general/IVSI-5842_IVS4%252B401del,CFTR2 Error Page
*Represents the allele frequency within the CFTR2 database. This is subject to regional and ethnic variability of variant distribution and may differ from the worldwide frequency.,https://cftr2.org/mutation/general/%252ARepresents%2520the%2520allele%2520frequency%2520within%2520the%2520CFTR2%2520database.%2520This%2520is%2520subject%2520to%2520regional%2520and%2520ethnic%2520variability%2520of%2520variant%2520distribution%2520and%2520may%2520differ%2520from%2520the%2520worldwide%2520frequency.,CFTR2 Error Page
"Permitted use available to clinicians, patients, and family members for clinical, research, and educational uses only. All other rights reserved.",https://cftr2.org/mutation/general/Permitted%2520use%2520available%2520to%2520clinicians%252C%2520patients%252C%2520and%2520family%2520members%2520for%2520clinical%252C%2520research%252C%2520and%2520educational%2520uses%2520only.%2520All%2520other%2520rights%2520reserved.,CFTR2 Error Page
Please use the following reference when citing this document: The Clinical and Functional TRanslation of CFTR (CFTR2); available at https://cftr2.org.,https://cftr2.org/mutation/general/Please%2520use%2520the%2520following%2520reference%2520when%2520citing%2520this%2520document%253A%2520The%2520Clinical%2520and%2520Functional%2520TRanslation%2520of%2520CFTR%2520%2528CFTR2%2529%253B%2520available%2520at%2520https%253A%252F%252Fcftr2.org.,CFTR2 Error Page
"©Copyright 2011 US CF Foundation, Johns Hopkins University, The Hospital for Sick Children.",https://cftr2.org/mutation/general/%25C2%25A9Copyright%25202011%2520US%2520CF%2520Foundation%252C%2520Johns%2520Hopkins%2520University%252C%2520The%2520Hospital%2520for%2520Sick%2520Children.,CFTR2 Error Page
